1000, 32, "N", "FEMALE", 1954, "SOUTH MIDLAND", 1, 0, "CASH", 15, "N", "", 2, "DN2"
1001, 102, "N", "MALE", 1940, "WESTERN", 3, 0, "GIFT", 10, "N", "", 0, "XP"
1002, 104, "N", "FEMALE", 1963, "SOUTHERN", 2, 0, "GIFT", 11, "N", "", 0, "XP"
1003, 5656, "N", "MALE", 1947, "NORTH MIDLAND", 2, 0, "NONE", 7, "Y", "", 0, "DN2"
1004, 123, "N", "FEMALE", 1958, "NORTHERN", 2, 0, "GIFT", 11, "N", "", 0, "XP"
1005, 166, "Y", "FEMALE", 1956, "WESTERN", 2, 0, "GIFT", 22, "Y", "", 0, "ET"
1007, 274, "N", "FEMALE", 1965, "NEW ENGLAND", 2, 0, "CASH", 20, "N", "", 1, "DN1"
1008, 322, "N", "FEMALE", 1939, "MIXED", 1, 0, "GIFT", 3, "Y", "", 0, "DN1"
1010, 445, "N", "MALE", 1932, "NEW ENGLAND", 1, 0, "GIFT", 11, "N", "", 0, "UNC"
1011, 461, "N", "FEMALE", 1964, "SOUTH MIDLAND", 2, 0, "GIFT", 9, "N", "", 0, "DN2"
1013, 570, "Y", "FEMALE", 1957, "SOUTH MIDLAND", 2, 0, "GIFT", 25, "N", "", 1, "DT"
1014, 583, "N", "FEMALE", 1947, "MIXED", 1, 0, "GIFT", 9, "Y", "", 0, "XP"
1015, 644, "N", "FEMALE", 1967, "NEW ENGLAND", 2, 0, "9", 1, "N", "", 0, "UNC"
1016, 670, "N", "FEMALE", 1945, "SOUTHERN", 2, 0, "GIFT", 16, "N", "", 0, "DN1"
1018, 792, "N", "FEMALE", 1962, "SOUTH MIDLAND", 3, 0, "GIFT", 14, "N", "", 1, "DN2"
1019, 961, "N", "MALE", 1941, "NEW ENGLAND", 3, 0, "GIFT", 12, "N", "", 0, "EN2"
1020, 1015, "N", "FEMALE", 1956, "NORTH MIDLAND", 2, 0, "CASH", 9, "N", "", 0, "DN2"
1021, 1057, "N", "MALE", 1957, "NORTHERN", 3, 0, "CASH", 1, "Y", "", 0, "UNC"
1022, 1142, "Y", "FEMALE", 1959, "SOUTH MIDLAND", 2, 0, "CASH", 25, "N", "", 1, "DT"
1023, 1206, "Y", "MALE", 1939, "SOUTHERN", 2, 0, "GIFT", 21, "Y", "", 0, "ET"
1024, 1238, "N", "MALE", 1964, "NORTH MIDLAND", 2, 0, "GIFT", 14, "N", "", 0, "DN1"
1025, 1299, "N", "MALE", 1953, "SOUTH MIDLAND", 2, 0, "GIFT", 8, "N", "", 1, "DN1"
1026, 1314, "N", "FEMALE", 1957, "SOUTHERN", 2, 0, "GIFT", 10, "N", "", 0, "DN2"
1027, 1329, "N", "FEMALE", 1961, "NORTH MIDLAND", 2, 0, "CASH", 12, "N", "", 1, "XP"
1028, 1434, "Y", "MALE", 1965, "NYC", 3, 0, "CASH", 26, "N", "", 0, "DT"
1031, 1558, "N", "FEMALE", 1940, "SOUTH MIDLAND", 3, 0, "GIFT", 13, "N", "", 0, "DN1"
1032, 1633, "N", "FEMALE", 1943, "SOUTHERN", 2, 0, "GIFT", 12, "N", "", 0, "DN1"
1033, 1717, "N", "FEMALE", 1965, "SOUTH MIDLAND", 1, 0, "CASH", 18, "N", "", 2, "XP"
1034, 1753, "N", "MALE", 1961, "NORTHERN", 3, 0, "CASH", 2, "N", "", 0, "DN1"
1035, 1825, "Y", "FEMALE", 1953, "NORTH MIDLAND", 2, 0, "GIFT", 25, "N", "", 1, "DT"
1037, 2330, "N", "MALE", 1947, "WESTERN", 3, 0, "NONE", 10, "Y", "", 0, "DN2"
1038, 2117, "N", "FEMALE", 1963, "UNK", 2, 0, "CASH", 2, "N", "", 0, "UNC"
1039, 2125, "N", "MALE", 1943, "SOUTHERN", 3, 0, "GIFT", 17, "N", "", 0, "XP"
1041, 2233, "Y", "MALE", 1936, "MIXED", 3, 0, "CASH", 27, "N", "", 0, "DT"
1042, 2272, "N", "FEMALE", 1938, "NEW ENGLAND", 1, 0, "CASH", 17, "Y", "", 0, "XP"
1043, 2282, "Y", "FEMALE", 1936, "NORTH MIDLAND", 1, 0, "CASH", 26, "N", "", 0, "DT"
1044, 2310, "N", "FEMALE", 1962, "SOUTH MIDLAND", 1, 0, "GIFT", 3, "N", "", 0, "UNC"
1045, 2323, "N", "FEMALE", 1969, "WESTERN", 2, 0, "CASH", 3, "N", "", 0, "UNC"
1047, 2415, "N", "MALE", 1963, "SOUTH MIDLAND", 2, 0, "GIFT", 7, "Y", "", 0, "XP"
1050, 2710, "N", "MALE", 1950, "SOUTHERN", 3, 0, "CASH", 10, "N", "", 1, "DN2"
1051, 2768, "N", "MALE", 1954, "SOUTH MIDLAND", 2, 0, "CASH", 17, "N", "", 0, "XP"
1052, 2792, "N", "MALE", 1930, "NYC", 2, 0, "CASH", 15, "N", "", 0, "DN2"
1053, 2834, "N", "FEMALE", 1967, "SOUTH MIDLAND", 2, 0, "GIFT", 7, "Y", "", 0, "UNC"
1054, 2935, "N", "MALE", 1945, "SOUTH MIDLAND", 3, 0, "GIFT", 2, "Y", "", 0, "UNC"
1055, 2969, "N", "FEMALE", 1965, "SOUTH MIDLAND", 2, 0, "CASH", 17, "N", "", 0, "DN2"
1056, 2983, "N", "MALE", 1948, "WESTERN", 3, 0, "CASH", 10, "N", "", 0, "DN1"
1057, 3021, "N", "FEMALE", 1963, "NORTH MIDLAND", 2, 0, "CASH", 7, "Y", "", 0, "DN1"
1059, 3084, "N", "MALE", 1963, "SOUTH MIDLAND", 2, 0, "GIFT", 15, "N", "", 0, "DN2"
1060, 3114, "N", "FEMALE", 1942, "WESTERN", 1, 0, "CASH", 15, "N", "", 0, "EN2"
1061, 3124, "N", "MALE", 1957, "SOUTH MIDLAND", 2, 0, "GIFT", 12, "N", "", 0, "DN1"
1063, 3223, "N", "MALE", 1965, "NORTH MIDLAND", 3, 0, "CASH", 12, "N", "", 1, "XP"
1064, 3259, "N", "FEMALE", 1951, "NORTHERN", 9, 0, "GIFT", 15, "N", "", 0, "XP"
1065, 1630, "N", "MALE", 1952, "WESTERN", 3, 0, "NONE", 8, "Y", "", 0, "DN2"
1068, 3560, "N", "FEMALE", 1959, "SOUTH MIDLAND", 3, 0, "CASH", 6, "N", "", 1, "DN1"
1069, 3582, "N", "MALE", 1950, "SOUTH MIDLAND", 2, 0, "GIFT", 10, "N", "", 0, "DN1"
1070, 3618, "N", "MALE", 1962, "SOUTH MIDLAND", 2, 0, "GIFT", 9, "Y", "", 1, "XP"
1071, 3670, "Y", "FEMALE", 1951, "SOUTH MIDLAND", 3, 0, "GIFT", 24, "Y", "", 0, "ET"
1072, 3760, "N", "FEMALE", 1941, "SOUTH MIDLAND", 2, 0, "CASH", 11, "N", "", 0, "XP"
1073, 3818, "Y", "MALE", 1967, "NORTHERN", 3, 0, "CASH", 21, "Y", "", 0, "DT"
1074, 3823, "Y", "FEMALE", 1968, "NYC", 2, 0, "CASH", 26, "N", "", 0, "DT"
1075, 3842, "N", "FEMALE", 1957, "MIXED", 2, 0, "CASH", 12, "N", "", 0, "DN1"
1076, 3889, "N", "MALE", 1958, "SOUTH MIDLAND", 3, 0, "CASH", 1, "Y", "", 0, "UNC"
1078, 4023, "N", "MALE", 1964, "MIXED", 9, 0, "GIFT", 10, "N", "", 0, "DN2"
1083, 4292, "N", "FEMALE", 1962, "SOUTHERN", 2, 0, "CASH", 21, "N", "", 1, "DN2"
1084, 4464, "N", "MALE", 1959, "WESTERN", 3, 0, "GIFT", 9, "N", "", 0, "DN2"
1085, 4488, "N", "MALE", 1947, "SOUTH MIDLAND", 3, 0, "GIFT", 11, "N", "", 0, "DN1"
1086, 4498, "N", "FEMALE", 1965, "SOUTHERN", 2, 0, "CASH", 12, "N", "", 0, "DN2"
1087, 4609, "N", "MALE", 1958, "NORTHERN", 3, 0, "CASH", 9, "N", "", 0, "DN2"
1089, 4619, "N", "FEMALE", 1939, "SOUTH MIDLAND", 2, 0, "GIFT", 1, "Y", "", 0, "UNC"
1090, 4645, "N", "MALE", 1964, "NORTH MIDLAND", 2, 0, "GIFT", 8, "Y", "", 0, "DN1"
1091, 4647, "N", "FEMALE", 1942, "SOUTH MIDLAND", 1, 0, "GIFT", 5, "Y", "", 0, "DN1"
1092, 4774, "N", "MALE", 1960, "WESTERN", 2, 0, "GIFT", 12, "N", "", 0, "XP"
1093, 4848, "N", "FEMALE", 1960, "NORTH MIDLAND", 2, 0, "GIFT", 11, "N", "", 0, "DN1"
1094, 4940, "N", "FEMALE", 1960, "SOUTH MIDLAND", 2, 0, "CASH", 9, "N", "", 0, "DN2"
1095, 4942, "N", "MALE", 1958, "MIXED", 3, 0, "GIFT", 9, "Y", "", 0, "EN2"
1096, 4967, "N", "FEMALE", 1963, "SOUTH MIDLAND", 2, 0, "GIFT", 11, "N", "", 0, "DN1"
1098, 4997, "N", "FEMALE", 1957, "SOUTH MIDLAND", 2, 0, "GIFT", 15, "N", "", 2, "DN2"
1100, 5065, "N", "FEMALE", 1962, "NORTH MIDLAND", 3, 0, "9", 1, "Y", "", 0, "UNC"
1101, 5106, "N", "MALE", 1939, "SOUTH MIDLAND", 3, 0, "GIFT", 11, "N", "", 0, "DN2"
1102, 5115, "N", "MALE", 1965, "SOUTH MIDLAND", 2, 0, "GIFT", 15, "N", "", 0, "XP"
1103, 5119, "N", "MALE", 1950, "SOUTH MIDLAND", 2, 0, "GIFT", 8, "N", "", 0, "DN2"
1104, 5192, "Y", "MALE", 1938, "NYC", 3, 0, "GIFT", 30, "N", "", 0, "DT"
1105, 5215, "N", "FEMALE", 1944, "NYC", 3, 0, "CASH", 12, "N", "", 0, "XP"
1106, 5258, "N", "FEMALE", 1964, "SOUTH MIDLAND", 2, 0, "GIFT", 15, "N", "", 1, "DN2"
1107, 5318, "N", "FEMALE", 1961, "WESTERN", 2, 0, "GIFT", 13, "N", "", 0, "DN2"
1108, 5341, "N", "MALE", 1950, "NORTHERN", 2, 0, "GIFT", 10, "Y", "", 1, "DN2"
1110, 5484, "N", "MALE", 1961, "WESTERN", 3, 0, "CASH", 13, "N", "", 0, "XP"
1112, 5572, "Y", "FEMALE", 1956, "SOUTHERN", 3, 0, "CASH", 21, "Y", "", 0, "DT"
1114, 5718, "N", "FEMALE", 1957, "SOUTHERN", 2, 0, "GIFT", 1, "Y", "", 0, "UNC"
1115, 5776, "N", "MALE", 1958, "SOUTH MIDLAND", 2, 0, "GIFT", 12, "N", "", 0, "EN2"
1116, 5822, "N", "MALE", 1955, "SOUTH MIDLAND", 3, 0, "GIFT", 12, "N", "", 5, "DN1"
1117, 5979, "N", "MALE", 1950, "NORTH MIDLAND", 2, 0, "CASH", 20, "N", "", 0, "DN2"
1118, 1030, "N", "MALE", 1946, "WESTERN", 3, 0, "NONE", 9, "Y", "", 0, "DN1"
1119, 6067, "N", "MALE", 1946, "MIXED", 3, 0, "CASH", 9, "N", "", 0, "XP"
1120, 6083, "Y", "FEMALE", 1969, "NORTH MIDLAND", 2, 0, "CASH", 30, "N", "", 1, "DT"
1121, 6101, "Y", "MALE", 1937, "NEW ENGLAND", 2, 0, "GIFT", 27, "N", "", 1, "DT"
1122, 6167, "N", "MALE", 1964, "SOUTH MIDLAND", 9, 0, "GIFT", 12, "N", "", 0, "DN1"
1123, 6226, "N", "FEMALE", 1956, "SOUTH MIDLAND", 3, 0, "CASH", 15, "N", "", 1, "EN2"
1124, 6341, "Y", "MALE", 1960, "NORTH MIDLAND", 3, 0, "CASH", 25, "N", "", 0, "DT"
1126, 6385, "N", "FEMALE", 1963, "SOUTH MIDLAND", 2, 0, "GIFT", 19, "N", "", 0, "DN1"
1127, 6440, "N", "MALE", 1933, "NEW ENGLAND", 3, 0, "GIFT", 17, "N", "", 1, "DN1"
1128, 6668, "N", "MALE", 1933, "SOUTH MIDLAND", 2, 0, "CASH", 14, "N", "", 0, "XP"
1129, 6714, "N", "FEMALE", 1942, "MIXED", 2, 0, "GIFT", 5, "Y", "", 0, "EN2"
1130, 6832, "Y", "FEMALE", 1941, "NORTHERN", 3, 0, "CASH", 25, "N", "", 1, "DT"
1132, 7268, "N", "FEMALE", 1942, "SOUTH MIDLAND", 3, 0, "CASH", 17, "N", "", 0, "DN1"
1133, 7319, "N", "MALE", 1935, "SOUTH MIDLAND", 2, 0, "GIFT", 15, "N", "", 0, "DN1"
1135, 7381, "N", "FEMALE", 1963, "SOUTH MIDLAND", 2, 0, "GIFT", 12, "N", "", 0, "DN1"
1138, 7457, "N", "FEMALE", 1961, "SOUTH MIDLAND", 2, 0, "CASH", 14, "N", "", 1, "DN1"
1139, 7479, "Y", "MALE", 1956, "NORTHERN", 2, 0, "CASH", 27, "N", "", 0, "DT"
1140, 7517, "N", "MALE", 1941, "SOUTH MIDLAND", 2, 0, "GIFT", 13, "N", "", 0, "DN1"
1141, 7543, "N", "MALE", 1962, "MIXED", 3, 0, "CASH", 18, "N", "", 2, "XP"
1142, 7577, "N", "MALE", 1963, "NORTHERN", 2, 0, "GIFT", 13, "N", "", 0, "XP"
1145, 7855, "N", "MALE", 1969, "MIXED", 2, 0, "CASH", 15, "N", "", 0, "DN2"
1146, 7874, "N", "MALE", 1961, "SOUTH MIDLAND", 3, 0, "GIFT", 8, "N", "", 0, "EN2"
1147, 7880, "Y", "MALE", 1942, "SOUTH MIDLAND", 3, 0, "GIFT", 30, "N", "", 1, "DT"
1148, 7956, "Y", "FEMALE", 1959, "SOUTH MIDLAND", 3, 0, "CASH", 30, "N", "", 0, "DT"
1149, 7992, "N", "FEMALE", 1954, "NORTH MIDLAND", 2, 0, "GIFT", 10, "N", "", 0, "XP"
1151, 8081, "N", "MALE", 1953, "SOUTHERN", 3, 0, "CASH", 24, "N", "", 1, "XP"
1152, 8107, "N", "FEMALE", 1947, "SOUTH MIDLAND", 2, 0, "GIFT", 12, "N", "", 2, "DN1"
1153, 8158, "N", "FEMALE", 1959, "WESTERN", 3, 0, "GIFT", 7, "Y", "", 0, "DN2"
1154, 8328, "N", "MALE", 1969, "SOUTHERN", 2, 0, "9", 5, "N", "", 0, "UNC"
1155, 8375, "N", "FEMALE", 1941, "WESTERN", 2, 0, "CASH", 11, "N", "", 0, "XP"
1156, 8415, "N", "FEMALE", 1946, "SOUTHERN", 2, 0, "GIFT", 15, "N", "", 0, "XP"
1157, 8548, "N", "FEMALE", 1944, "MIXED", 2, 0, "GIFT", 9, "N", "", 0, "XP"
1159, 8563, "N", "MALE", 1944, "NORTH MIDLAND", 3, 0, "GIFT", 10, "N", "", 0, "DN2"
1162, 8733, "N", "MALE", 1964, "NORTHERN", 2, 0, "GIFT", 2, "N", "", 0, "UNC"
1163, 8771, "N", "FEMALE", 1932, "WESTERN", 2, 0, "GIFT", 4, "Y", "", 0, "EN1"
1164, 8849, "N", "MALE", 1942, "WESTERN", 3, 0, "9", 1, "Y", "", 0, "UNC"
1165, 8888, "N", "MALE", 1937, "NORTHERN", 2, 0, "NONE", 21, "N", "", 0, "EN2"
1166, 8897, "N", "MALE", 1970, "MIXED", 2, 0, "GIFT", 2, "Y", "", 0, "DN1"
1167, 8964, "N", "MALE", 1969, "NORTHERN", 3, 0, "CASH", 15, "N", "", 0, "DN2"
1168, 9095, "N", "MALE", 1949, "NORTH MIDLAND", 2, 0, "CASH", 11, "Y", "", 0, "XP"
1169, 9120, "N", "MALE", 1961, "NORTH MIDLAND", 2, 0, "CASH", 8, "N", "", 0, "DN2"
1170, 9174, "N", "MALE", 1952, "WESTERN", 3, 0, "CASH", 12, "N", "", 0, "XP"
1171, 9316, "N", "MALE", 1956, "SOUTH MIDLAND", 2, 0, "GIFT", 14, "N", "", 6, "XP"
1174, 9564, "N", "MALE", 1962, "MIXED", 2, 0, "CASH", 13, "N", "", 0, "XP"
1175, 9635, "Y", "FEMALE", 1956, "WESTERN", 9, 0, "GIFT", 27, "N", "", 3, "DT"
1176, 9755, "N", "FEMALE", 1959, "MIXED", 2, 0, "CASH", 14, "N", "", 0, "DN2"
1178, 9800, "N", "FEMALE", 1961, "SOUTH MIDLAND", 2, 0, "CASH", 10, "N", "", 0, "DN1"
1179, 9860, "N", "FEMALE", 1959, "SOUTH MIDLAND", 2, 0, "GIFT", 11, "N", "", 0, "XP"
1180, 9925, "N", "FEMALE", 1934, "NORTH MIDLAND", 2, 0, "CASH", 17, "N", "", 1, "UNC"
1181, 9964, "Y", "MALE", 1958, "SOUTH MIDLAND", 2, 0, "CASH", 38, "N", "", 1, "DT"
1188, 2593, "Y", "MALE", 1944, "NORTH MIDLAND", 3, 1, "GIFT", 27, "Y", "", 1, "DT"
1189, 6627, "N", "MALE", 1960, "NORTHERN", 3, 1, "GIFT", 11, "N", "", 0, "XP"
1190, 9455, "Y", "MALE", 1941, "NYC", 3, 1, "GIFT", 30, "Y", "", 0, "ET"
1191, 7243, "N", "MALE", 1940, "NYC", 0, 0, "NONE", 15, "N", "", 0, "XP"
1192, 5375, "N", "MALE", 1957, "NORTHERN", 0, 0, "CASH", 8, "Y", "", 0, "DN2"
1193, 7241, "N", "MALE", 1940, "NYC", 0, 0, "NONE", 7, "Y", "", 0, "UNC"
1194, 2547, "N", "MALE", 1963, "NORTHERN", 0, 0, "GIFT", 9, "Y", "", 0, "DN1"
1195, 5469, "N", "MALE", 1947, "NORTHERN", 0, 0, "N", 9, "Y", "", 0, "EN2"
1196, 2746, "N", "MALE", 1940, "NYC", 0, 0, "NONE", 12, "Y", "", 0, "XP"
1197, 652, "N", "MALE", 1947, "WESTERN", 0, 0, "NONE", 11, "Y", "", 0, "XP"
1198, 3451, "N", "MALE", 1950, "NYC", 0, 0, "NONE", 8, "Y", "", 0, "XP"
1199, 3274, "Y", "MALE", 1941, "SOUTHERN", 3, 1, "CASH", 29, "N", "", 1, "DT"
1200, 2523, "N", "MALE", 1950, "", 0, 0, "NONE", 3, "Y", "", 0, "DN1"
1201, 6343, "N", "MALE", 1961, "SOUTHERN", 2, 0, "NONE", 2, "Y", "", 0, "UNC"
1202, 5200, "N", "MALE", 1950, "", 0, 0, "NONE", 9, "Y", "", 0, "XP"
1203, 3193, "N", "MALE", 1961, "NORTH MIDLAND", 0, 0, "NONE", 7, "Y", "", 0, "DN2"
1204, 3020, "N", "FEMALE", 1951, "NORTHERN", 3, 0, "GIFT", 10, "N", "", 0, "DN2"
1208, 5157, "N", "FEMALE", 1941, "WESTERN", 1, 0, "NONE", 9, "Y", "", 0, "DN1"
1209, 960, "N", "MALE", 1954, "SOUTH MIDLAND", 2, 0, "GIFT", 18, "N", "", 0, "XP"
1211, 9187, "N", "MALE", 1964, "SOUTH MIDLAND", 2, 0, "CASH", 10, "N", "", 0, "UNC"
1212, 218, "N", "MALE", 1943, "SOUTHERN", 3, 0, "CASH", 11, "N", "", 0, "DN2"
1213, 865, "N", "MALE", 1929, "SOUTH MIDLAND", 3, 0, "GIFT", 7, "Y", "", 0, "EN2"
1214, 8284, "N", "FEMALE", 1960, "NEW ENGLAND", 2, 0, "CASH", 16, "N", "", 0, "DN2"
1218, 7580, "N", "MALE", 1965, "NORTHERN", 2, 1, "GIFT", 1, "Y", "", 0, "UNC"
1219, 2058, "N", "MALE", 1953, "SOUTHERN", 2, 1, "GIFT", 18, "Y", "", 1, "XP"
1220, 4359, "N", "MALE", 1966, "MIXED", 2, 0, "CASH", 1, "N", "", 0, "UNC"
1221, 118, "N", "MALE", 1942, "NYC", 3, 1, "GIFT", 5, "Y", "", 0, "DN2"
1224, 8113, "N", "FEMALE", 1959, "SOUTH MIDLAND", 2, 0, "GIFT", 3, "N", "", 0, "DN2"
1225, 6009, "N", "FEMALE", 1946, "SOUTHERN", 1, 0, "CASH", 16, "N", "", 0, "DN2"
1226, 1676, "N", "FEMALE", 1970, "SOUTHERN", 2, 0, "CASH", 9, "N", "", 0, "XP"
1229, 5417, "N", "FEMALE", 1950, "NORTHERN", 3, 0, "CASH", 17, "N", "", 1, "XP"
1230, 189, "N", "FEMALE", 1961, "MIXED", 2, 1, "GIFT", 10, "N", "", 0, "DN1"
1231, 2703, "N", "FEMALE", 1956, "MIXED", 3, 0, "CASH", 10, "N", "", 0, "DN1"
1232, 4917, "N", "MALE", 1958, "SOUTH MIDLAND", 3, 0, "CASH", 12, "N", "", 0, "UNC"
1233, 2550, "N", "FEMALE", 1931, "NEW ENGLAND", 3, 0, "CASH", 11, "N", "", 0, "DN1"
1235, 6574, "N", "FEMALE", 1957, "NYC", 3, 0, "CASH", 11, "N", "", 0, "XP"
1236, 1375, "N", "FEMALE", 1965, "SOUTH MIDLAND", 2, 0, "CASH", 21, "N", "", 1, "DN1"
1237, 4500, "N", "MALE", 1965, "NORTH MIDLAND", 2, 0, "CASH", 17, "N", "", 0, "DN2"
1238, 8517, "N", "FEMALE", 1966, "NORTH MIDLAND", 2, 0, "GIFT", 16, "N", "", 0, "XP"
1239, 7434, "N", "MALE", 1936, "SOUTH MIDLAND", 3, 0, "CASH", 17, "Y", "", 0, "DN2"
1244, 3914, "N", "FEMALE", 1937, "SOUTHERN", 2, 0, "CASH", 15, "N", "", 0, "DN1"
1245, 7872, "N", "MALE", 1935, "SOUTHERN", 2, 0, "CASH", 11, "N", "", 0, "DN1"
1248, 8748, "N", "FEMALE", 1936, "WESTERN", 2, 0, "CASH", 13, "N", "", 0, "XP"
1249, 700, "N", "FEMALE", 1954, "WESTERN", 2, 0, "CASH", 14, "N", "", 1, "DN1"
1251, 7041, "N", "FEMALE", 1945, "NORTHERN", 2, 0, "CASH", 11, "N", "", 0, "DN1"
1252, 2449, "N", "FEMALE", 1933, "WESTERN", 2, 0, "CASH", 14, "N", "", 0, "DN2"
1253, 5565, "Y", "FEMALE", 1958, "WESTERN", 2, 0, "CASH", 25, "N", "", 1, "DT"
1254, 2625, "N", "FEMALE", 1961, "SOUTH MIDLAND", 2, 0, "CASH", 6, "N", "", 0, "DN1"
1255, 2526, "N", "MALE", 1953, "SOUTH MIDLAND", 3, 1, "GIFT", 15, "N", "", 1, "DN1"
1257, 3738, "N", "MALE", 1933, "NYC", 3, 0, "CASH", 10, "Y", "", 0, "DN1"
1258, 4916, "Y", "MALE", 1956, "SOUTH MIDLAND", 2, 0, "CASH", 30, "N", "", 0, "ET"
1259, 1686, "N", "FEMALE", 1963, "SOUTH MIDLAND", 2, 0, "CASH", 14, "N", "", 4, "XP"
1260, 9770, "N", "FEMALE", 1953, "NORTH MIDLAND", 2, 0, "CASH", 21, "N", "", 0, "XP"
1262, 5267, "N", "MALE", 1963, "SOUTHERN", 2, 1, "NONE", 2, "Y", "", 0, "XP"
1263, 5865, "Y", "FEMALE", 1934, "NORTHERN", 2, 1, "GIFT", 27, "N", "", 1, "DT"
1264, 4273, "N", "FEMALE", 1943, "SOUTH MIDLAND", 2, 1, "GIFT", 17, "N", "", 0, "XP"
1266, 8325, "N", "FEMALE", 1947, "NYC", 3, 0, "CASH", 8, "N", "", 0, "XP"
1268, 2356, "N", "FEMALE", 1961, "SOUTH MIDLAND", 2, 0, "CASH", 13, "N", "", 0, "EN2"
1270, 3559, "N", "MALE", 1965, "MIXED", 3, 1, "GIFT", 3, "N", "", 0, "DN1"
1278, 8669, "N", "MALE", 1956, "SOUTHERN", 0, 1, "GIFT", 10, "N", "", 1, "XP"
1279, 8863, "N", "MALE", 1935, "SOUTH MIDLAND", 2, 0, "CASH", 11, "N", "", 0, "XP"
1280, 5002, "N", "FEMALE", 1958, "NYC", 3, 0, "CASH", 11, "N", "", 0, "XP"
1281, 3201, "N", "FEMALE", 1955, "NEW ENGLAND", 3, 0, "CASH", 9, "N", "", 0, "DN2"
1282, 1468, "Y", "FEMALE", 1945, "NORTHERN", 2, 0, "CASH", 21, "Y", "", 0, "ET"
1283, 207, "N", "MALE", 1950, "MIXED", 3, 0, "CASH", 2, "Y", "", 0, "DN1"
1284, 345, "N", "MALE", 1968, "SOUTH MIDLAND", 2, 0, "CASH", 8, "N", "", 1, "DN2"
1285, 630, "N", "FEMALE", 1939, "MIXED", 2, 0, "CASH", 11, "N", "", 0, "XP"
1286, 3480, "N", "FEMALE", 1957, "MIXED", 1, 0, "CASH", 4, "Y", "", 1, "UNC"
1287, 5476, "N", "MALE", 1955, "SOUTH MIDLAND", 2, 0, "CASH", 1, "Y", "", 0, "UNC"
1288, 2663, "N", "MALE", 1946, "NORTH MIDLAND", 3, 0, "CASH", 10, "N", "", 2, "DN1"
1290, 1397, "N", "FEMALE", 1952, "NORTHERN", 3, 0, "CASH", 6, "N", "", 0, "DN1"
1291, 4482, "N", "FEMALE", 1945, "NYC", 3, 0, "CASH", 9, "Y", "", 0, "DN2"
1292, 4447, "N", "FEMALE", 1942, "NORTH MIDLAND", 3, 0, "CASH", 11, "N", "", 0, "XP"
1293, 9063, "N", "FEMALE", 1953, "NORTHERN", 3, 0, "CASH", 2, "Y", "", 0, "UNC"
1297, 5737, "N", "FEMALE", 1965, "MIXED", 2, 0, "CASH", 11, "Y", "", 0, "XP"
1298, 1450, "N", "FEMALE", 1941, "NORTHERN", 1, 0, "CASH", 4, "Y", "", 0, "UNC"
1299, 1880, "N", "MALE", 1934, "SOUTH MIDLAND", 2, 0, "CASH", 8, "N", "", 0, "UNC"
1300, 6259, "N", "FEMALE", 1938, "SOUTH MIDLAND", 2, 0, "CASH", 10, "Y", "", 0, "XP"
1301, 1859, "N", "FEMALE", 1964, "WESTERN", 3, 0, "CASH", 1, "Y", "", 0, "UNC"
1302, 2579, "N", "FEMALE", 1947, "NORTH MIDLAND", 3, 0, "CASH", 12, "N", "", 1, "XP"
1303, 2630, "N", "FEMALE", 1946, "NORTH MIDLAND", 3, 0, "CASH", 10, "N", "", 0, "EN1"
1304, 5832, "N", "MALE", 1950, "SOUTH MIDLAND", 3, 0, "CASH", 9, "N", "", 0, "DN2"
1305, 1593, "N", "FEMALE", 1942, "NORTH MIDLAND", 2, 0, "CASH", 8, "N", "", 1, "DN2"
1307, 8248, "N", "FEMALE", 1953, "WESTERN", 3, 0, "CASH", 14, "N", "", 0, "XP"
1308, 6821, "N", "MALE", 1941, "NORTHERN", 3, 0, "CASH", 2, "Y", "", 0, "UNC"
1309, 8451, "N", "MALE", 1965, "SOUTHERN", 2, 0, "CASH", 1, "Y", "", 0, "UNC"
1310, 6328, "N", "FEMALE", 1941, "NORTH MIDLAND", 1, 0, "CASH", 1, "Y", "", 0, "UNC"
1311, 1832, "N", "FEMALE", 1941, "SOUTHERN", 3, 0, "CASH", 4, "Y", "", 0, "UNC"
1312, 7022, "N", "MALE", 1951, "SOUTHERN", 3, 0, "CASH", 8, "Y", "", 0, "UNC"
1313, 2013, "N", "FEMALE", 1956, "SOUTH MIDLAND", 2, 0, "CASH", 5, "Y", "", 0, "EN2"
1314, 8674, "N", "FEMALE", 1950, "WESTERN", 3, 0, "CASH", 1, "Y", "", 0, "UNC"
1315, 5505, "N", "FEMALE", 1943, "SOUTH MIDLAND", 3, 0, "CASH", 11, "N", "", 0, "XP"
1316, 9624, "N", "FEMALE", 1951, "NORTHERN", 3, 0, "CASH", 10, "N", "", 0, "DN2"
1317, 6874, "N", "FEMALE", 1950, "WESTERN", 2, 0, "CASH", 10, "N", "", 0, "EN1"
1318, 7069, "N", "MALE", 1956, "SOUTHERN", 3, 0, "CASH", 8, "Y", "", 0, "XP"
1320, 675, "N", "FEMALE", 1962, "MIXED", 1, 0, "CASH", 8, "N", "", 0, "XP"
1321, 9044, "N", "MALE", 1959, "SOUTH MIDLAND", 2, 0, "CASH", 7, "N", "", 0, "EN1"
1324, 8887, "N", "FEMALE", 1954, "SOUTH MIDLAND", 3, 0, "CASH", 12, "N", "", 1, "XP"
1325, 8534, "N", "MALE", 1960, "WESTERN", 2, 0, "CASH", 6, "Y", "", 0, "EN2"
1327, 3360, "N", "FEMALE", 1944, "SOUTH MIDLAND", 2, 0, "CASH", 9, "N", "", 1, "XP"
1328, 9711, "N", "FEMALE", 1949, "NORTH MIDLAND", 3, 0, "CASH", 1, "N", "", 0, "DN1"
1332, 553, "N", "FEMALE", 1936, "NORTH MIDLAND", 1, 0, "CASH", 1, "Y", "", 0, "UNC"
1334, 4734, "N", "FEMALE", 1963, "NEW ENGLAND", 3, 0, "CASH", 10, "N", "", 1, "DN2"
1336, 6767, "N", "FEMALE", 1931, "SOUTH MIDLAND", 2, 0, "CASH", 5, "Y", "", 0, "XP"
1338, 3019, "N", "FEMALE", 1940, "NYC", 2, 0, "CASH", 2, "Y", "", 0, "EN1"
1340, 8234, "N", "FEMALE", 1941, "SOUTH MIDLAND", 3, 0, "CASH", 4, "Y", "", 0, "UNC"
1341, 2639, "Y", "FEMALE", 1944, "WESTERN", 3, 0, "CASH", 29, "N", "", 0, "ET"
1342, 6255, "N", "FEMALE", 1937, "SOUTH MIDLAND", 0, 0, "CASH", 5, "N", "", 0, "UNC"
1343, 3456, "N", "MALE", 1933, "SOUTH MIDLAND", 3, 0, "CASH", 8, "N", "", 0, "XP"
1344, 5091, "N", "FEMALE", 1935, "SOUTH MIDLAND", 3, 0, "CASH", 4, "Y", "", 0, "EN1"
1345, 2939, "N", "MALE", 1943, "SOUTH MIDLAND", 3, 0, "CASH", 11, "N", "", 0, "EN2"
1349, 4529, "N", "FEMALE", 1965, "NEW ENGLAND", 3, 1, "GIFT", 16, "N", "", 0, "XP"
1350, 8978, "N", "MALE", 1939, "NEW ENGLAND", 2, 0, "CASH", 4, "Y", "", 0, "UNC"
1351, 2203, "N", "FEMALE", 1955, "SOUTH MIDLAND", 2, 1, "GIFT", 9, "N", "", 0, "EN2"
1352, 8436, "Y", "FEMALE", 1959, "NORTHERN", 2, 0, "CASH", 29, "N", "", 1, "ET"
1353, 3161, "N", "MALE", 1943, "MIXED", 3, 0, "NONE", 13, "N", "", 0, "EN2"
1355, 9675, "N", "MALE", 1968, "SOUTH MIDLAND", 3, 0, "CASH", 2, "Y", "", 0, "UNC"
1357, 9440, "N", "FEMALE", 1936, "NORTHERN", 2, 0, "CASH", 7, "N", "", 0, "EN1"
1359, 7210, "Y", "MALE", 1952, "SOUTHERN", 2, 0, "CASH", 32, "N", "", 0, "DT"
1360, 8651, "N", "MALE", 1963, "WESTERN", 2, 0, "CASH", 12, "N", "", 0, "XP"
1361, 2187, "N", "FEMALE", 1966, "WESTERN", 2, 0, "CASH", 12, "N", "", 1, "EN2"
1362, 8505, "N", "FEMALE", 1942, "NYC", 3, 0, "CASH", 10, "N", "", 0, "EN2"
1365, 8973, "N", "FEMALE", 1964, "MIXED", 2, 0, "CASH", 10, "N", "", 1, "UNC"
1366, 1502, "N", "FEMALE", 1945, "WESTERN", 2, 0, "CASH", 13, "N", "", 1, "XP"
1367, 2626, "N", "FEMALE", 1955, "NYC", 2, 0, "CASH", 11, "N", "", 0, "XP"
1368, 1848, "N", "MALE", 1935, "NORTHERN", 3, 0, "CASH", 3, "Y", "", 0, "EN1"
1369, 569, "N", "FEMALE", 1964, "NORTHERN", 2, 0, "CASH", 1, "N", "", 0, "UNC"
1370, 5959, "N", "MALE", 1964, "NORTHERN", 2, 0, "CASH", 1, "Y", "", 0, "UNC"
1371, 611, "N", "FEMALE", 1970, "NORTHERN", 2, 0, "CASH", 14, "N", "", 0, "XP"
1372, 6898, "Y", "FEMALE", 1955, "WESTERN", 2, 0, "CASH", 26, "N", "", 0, "ET"
1373, 3308, "N", "FEMALE", 1970, "SOUTH MIDLAND", 2, 0, "CASH", 3, "Y", "", 0, "EN1"
1374, 5423, "N", "MALE", 1961, "NYC", 3, 0, "CASH", 13, "N", "", 0, "XP"
1376, 9486, "N", "MALE", 1965, "NORTH MIDLAND", 2, 0, "CASH", 13, "N", "", 0, "EN1"
1377, 3310, "N", "FEMALE", 1941, "NORTHERN", 2, 0, "CASH", 9, "N", "", 1, "UNC"
1378, 6052, "N", "MALE", 1940, "NORTHERN", 2, 0, "CASH", 16, "N", "", 0, "XP"
1379, 672, "N", "MALE", 1933, "NORTHERN", 2, 0, "CASH", 9, "N", "", 0, "EN1"
1381, 7070, "N", "FEMALE", 1924, "SOUTH MIDLAND", 2, 0, "CASH", 13, "N", "", 0, "XP"
1382, 618, "N", "FEMALE", 1939, "SOUTH MIDLAND", 2, 0, "CASH", 6, "N", "", 0, "EN1"
1383, 6435, "N", "MALE", 1947, "NORTH MIDLAND", 2, 0, "CASH", 6, "Y", "", 0, "EN1"
1385, 395, "N", "FEMALE", 1956, "SOUTH MIDLAND", 3, 0, "CASH", 10, "Y", "", 0, "XP"
1386, 848, "N", "FEMALE", 1958, "MIXED", 3, 0, "CASH", 13, "N", "", 0, "EN2"
1388, 1958, "N", "MALE", 1967, "NORTH MIDLAND", 3, 0, "CASH", 7, "Y", "", 1, "XP"
1389, 6073, "N", "FEMALE", 1971, "SOUTH MIDLAND", 2, 0, "CASH", 13, "N", "", 0, "EN2"
1390, 658, "N", "MALE", 1942, "WESTERN", 3, 0, "CASH", 12, "Y", "", 0, "EN2"
1393, 846, "N", "FEMALE", 1935, "SOUTH MIDLAND", 2, 0, "CASH", 7, "Y", "", 0, "EN1"
1394, 7505, "N", "FEMALE", 1931, "SOUTH MIDLAND", 2, 0, "CASH", 15, "N", "", 0, "XP"
1397, 3728, "N", "FEMALE", 1930, "SOUTH MIDLAND", 3, 0, "CASH", 4, "N", "", 0, "EN1"
1399, 9865, "N", "FEMALE", 1949, "SOUTH MIDLAND", 2, 0, "CASH", 10, "N", "", 0, "XP"
1400, 1263, "N", "FEMALE", 1942, "MIXED", 2, 0, "CASH", 14, "N", "", 0, "EN1"
1401, 8596, "N", "FEMALE", 1975, "SOUTH MIDLAND", 1, 0, "GIFT", 0, "N", "", 0, ""
1402, 2190, "Y", "MALE", 1924, "SOUTHERN", 3, 0, "CASH", 26, "N", "", 0, "ET"
1403, 5976, "N", "MALE", 1958, "SOUTH MIDLAND", 2, 0, "GIFT", 1, "N", "", 1, "DEL"
1404, 2490, "N", "FEMALE", 1968, "NORTH MIDLAND", 2, 0, "CASH", 13, "N", "", 1, "XP"
1405, 4406, "N", "FEMALE", 1955, "NORTH MIDLAND", 2, 0, "CASH", 5, "Y", "", 0, "EN2"
1406, 4886, "N", "MALE", 1954, "NORTH MIDLAND", 3, 0, "CASH", 7, "Y", "", 0, "EN2"
1407, 2754, "N", "MALE", 1949, "NYC", 3, 0, "CASH", 12, "N", "", 0, "XP"
1408, 3424, "N", "FEMALE", 1961, "SOUTH MIDLAND", 2, 0, "CASH", 9, "Y", "", 0, "EN2"
1409, 767, "N", "FEMALE", 1941, "SOUTH MIDLAND", 2, 0, "CASH", 17, "N", "", 0, "XP"
1410, 1016, "N", "FEMALE", 1955, "SOUTH MIDLAND", 2, 0, "CASH", 9, "N", "", 0, "XP"
1411, 7190, "N", "MALE", 1951, "NYC", 2, 0, "CASH", 13, "N", "", 1, "XP"
1412, 3414, "N", "FEMALE", 1961, "WESTERN", 2, 0, "CASH", 11, "N", "", 0, "EN2"
1413, 5020, "N", "MALE", 1940, "SOUTH MIDLAND", 2, 0, "CASH", 11, "N", "", 0, "UNC"
1414, 8634, "N", "FEMALE", 1941, "SOUTH MIDLAND", 2, 1, "GIFT", 11, "N", "", 0, "XP"
1415, 9714, "Y", "FEMALE", 1939, "SOUTH MIDLAND", 1, 0, "CASH", 28, "N", "", 0, "ET"
1417, 5866, "N", "FEMALE", 1962, "SOUTH MIDLAND", 2, 0, "CASH", 14, "N", "", 0, "XP"
1418, 2721, "N", "MALE", 1970, "SOUTH MIDLAND", 1, 0, "CASH", 11, "Y", "", 0, "XP"
1419, 116, "N", "FEMALE", 1949, "NORTH MIDLAND", 2, 0, "CASH", 10, "N", "", 0, "XP"
1420, 6320, "N", "MALE", 1966, "NORTH MIDLAND", 2, 0, "CASH", 12, "N", "", 0, "XP"
1421, 7209, "N", "MALE", 1962, "SOUTHERN", 2, 0, "CASH", 10, "N", "", 0, "UNC"
1422, 8657, "N", "MALE", 1956, "SOUTHERN", 2, 0, "CASH", 12, "N", "", 0, "EN1"
1423, 5514, "Y", "FEMALE", 1960, "WESTERN", 2, 0, "CASH", 24, "Y", "", 0, "ET"
1424, 7915, "N", "MALE", 1958, "SOUTH MIDLAND", 2, 1, "GIFT", 13, "N", "", 0, "EN1"
1425, 661, "Y", "MALE", 1960, "WESTERN", 2, 0, "CASH", 22, "Y", "", 0, "ET"
1426, 6583, "N", "MALE", 1952, "NORTHERN", 2, 0, "CASH", 14, "N", "", 0, "UNC"
1428, 8547, "N", "MALE", 1971, "SOUTHERN", 2, 0, "CASH", 5, "Y", "", 0, "UNC"
1429, 404, "N", "MALE", 1964, "NEW ENGLAND", 2, 0, "CASH", 4, "Y", "", 0, "DN2"
1432, 6446, "N", "FEMALE", 1954, "SOUTH MIDLAND", 2, 0, "CASH", 6, "Y", "", 0, "UNC"
1435, 5931, "N", "MALE", 1947, "NORTHERN", 2, 0, "CASH", 3, "Y", "", 0, "XP"
1436, 3909, "Y", "MALE", 1940, "SOUTH MIDLAND", 2, 0, "GIFT", 25, "N", "", 0, "ET"
1437, 340, "Y", "FEMALE", 1941, "NORTHERN", 2, 0, "CASH", 30, "N", "", 0, "ET"
1438, 2430, "N", "MALE", 1959, "NORTH MIDLAND", 3, 0, "CASH", 15, "N", "", 0, "XP"
1439, 6434, "N", "MALE", 1944, "SOUTH MIDLAND", 1, 0, "CASH", 4, "Y", "", 0, "EN1"
1440, 8767, "N", "FEMALE", 1945, "NORTH MIDLAND", 2, 0, "CASH", 13, "N", "", 0, "EN2"
1441, 3600, "N", "MALE", 1968, "NORTHERN", 2, 0, "CASH", 10, "N", "", 0, "EN1"
1442, 8911, "N", "FEMALE", 1937, "NORTHERN", 2, 0, "CASH", 3, "Y", "", 0, "EN1"
1443, 2337, "N", "FEMALE", 1944, "NORTHERN", 2, 0, "CASH", 10, "Y", "", 0, "EN2"
1444, 782, "Y", "FEMALE", 1962, "WESTERN", 1, 0, "CASH", 28, "N", "", 0, "ET"
1446, 5234, "Y", "MALE", 1969, "SOUTH MIDLAND", 2, 0, "CASH", 24, "N", "119", 0, "ET"
1447, 1234, "N", "FEMALE", 1950, "SOUTH MIDLAND", 3, 0, "CASH", 8, "N", "", 0, "EN1"
1448, 4749, "N", "MALE", 1951, "SOUTH MIDLAND", 3, 0, "CASH", 2, "Y", "", 0, "UNC"
1449, 6826, "N", "MALE", 1969, "SOUTH MIDLAND", 2, 0, "CASH", 12, "N", "", 0, "XP"
1450, 3058, "N", "FEMALE", 1927, "SOUTH MIDLAND", 3, 0, "CASH", 12, "Y", "", 0, "EN1"
1451, 3376, "N", "MALE", 1968, "SOUTH MIDLAND", 2, 0, "CASH", 5, "Y", "", 0, "EN1"
1454, 1718, "N", "FEMALE", 1970, "SOUTH MIDLAND", 2, 0, "CASH", 4, "Y", "", 0, "UNC"
1455, 9119, "N", "FEMALE", 1960, "WESTERN", 2, 0, "CASH", 11, "N", "", 0, "EN1"
1457, 1457, "N", "MALE", 1954, "SOUTH MIDLAND", 2, 0, "CASH", 12, "Y", "", 1, "EN2"
1458, 7298, "N", "MALE", 1948, "NYC", 3, 0, "CASH", 15, "N", "", 0, "XP"
1459, 39, "N", "MALE", 1947, "SOUTH MIDLAND", 2, 0, "CASH", 12, "N", "", 1, "EN1"
1461, 1352, "N", "FEMALE", 1962, "WESTERN", 2, 0, "CASH", 10, "N", "", 0, "EN1"
1462, 5575, "N", "MALE", 1961, "WESTERN", 3, 0, "CASH", 10, "N", "", 0, "XP"
1463, 8167, "N", "MALE", 1955, "SOUTHERN", 2, 0, "CASH", 8, "Y", "", 0, "EN2"
1464, 9606, "N", "MALE", 1959, "WESTERN", 2, 0, "CASH", 14, "N", "", 0, "EN1"
1465, 5168, "N", "FEMALE", 1942, "NYC", 3, 0, "CASH", 20, "Y", "", 0, "XP"
1466, 1937, "N", "FEMALE", 1957, "WESTERN", 2, 0, "CASH", 11, "N", "", 0, "XP"
1467, 8763, "N", "MALE", 1955, "WESTERN", 3, 0, "CASH", 14, "N", "", 0, "XP"
1468, 3879, "N", "MALE", 1943, "NORTH MIDLAND", 3, 0, "CASH", 11, "Y", "", 0, "EN1"
1469, 3476, "N", "FEMALE", 1961, "SOUTHERN", 2, 0, "CASH", 11, "N", "", 1, "EN2"
1470, 8582, "N", "MALE", 1944, "SOUTH MIDLAND", 2, 0, "CASH", 13, "N", "", 1, "EN1"
1471, 5678, "N", "MALE", 1952, "NORTH MIDLAND", 3, 0, "CASH", 3, "Y", "", 0, "UNC"
1472, 3629, "N", "MALE", 1950, "SOUTHERN", 2, 0, "CASH", 12, "N", "", 0, "XP"
1473, 4887, "N", "FEMALE", 1932, "WESTERN", 2, 0, "CASH", 14, "N", "", 0, "EN1"
1474, 9127, "N", "MALE", 1951, "NORTHERN", 3, 0, "CASH", 4, "Y", "", 0, "EN1"
1475, 5440, "N", "FEMALE", 1958, "WESTERN", 1, 0, "CASH", 11, "N", "", 0, "XP"
1476, 2945, "N", "MALE", 1955, "WESTERN", 2, 0, "CASH", 12, "N", "", 0, "EN1"
1477, 438, "Y", "MALE", 1957, "NORTH MIDLAND", 2, 0, "CASH", 26, "N", "", 0, "ET"
1478, 453, "N", "MALE", 1945, "SOUTHERN", 3, 0, "CASH", 10, "Y", "", 1, "EN2"
1479, 2267, "N", "FEMALE", 1952, "SOUTHERN", 2, 0, "CASH", 12, "N", "", 0, "XP"
1480, 7462, "N", "FEMALE", 1959, "WESTERN", 3, 0, "CASH", 15, "N", "", 0, "EN1"
1481, 8083, "Y", "FEMALE", 1935, "NORTH MIDLAND", 1, 0, "CASH", 29, "N", "", 0, "ET"
1482, 9798, "N", "FEMALE", 1970, "WESTERN", 2, 0, "CASH", 13, "N", "", 1, "EN1"
1484, 2719, "N", "FEMALE", 1963, "SOUTH MIDLAND", 0, 0, "CASH", 11, "N", "", 0, "EN2"
1485, 2823, "N", "MALE", 1956, "SOUTHERN", 2, 0, "CASH", 6, "Y", "", 0, "XP"
1486, 3702, "Y", "MALE", 1963, "WESTERN", 2, 0, "CASH", 20, "Y", "", 1, "ET"
1487, 436, "N", "MALE", 1967, "NORTH MIDLAND", 2, 0, "CASH", 13, "N", "", 1, "XP"
1488, 65, "N", "MALE", 1947, "SOUTHERN", 2, 0, "CASH", 15, "N", "", 0, "XP"
1489, 2456, "N", "FEMALE", 1961, "SOUTH MIDLAND", 2, 1, "GIFT", 12, "Y", "", 0, "XP"
1490, 3250, "N", "MALE", 1950, "NORTH MIDLAND", 3, 0, "CASH", 14, "N", "", 0, "XP"
1491, 7460, "N", "FEMALE", 1943, "SOUTH MIDLAND", 1, 0, "CASH", 1, "Y", "", 0, "EN1"
1493, 4060, "N", "FEMALE", 1945, "NORTH MIDLAND", 2, 0, "CASH", 7, "Y", "", 0, "EN1"
1494, 6040, "N", "MALE", 1941, "NORTH MIDLAND", 3, 0, "CASH", 9, "N", "", 1, "EN1"
1495, 2580, "N", "FEMALE", 1970, "SOUTH MIDLAND", 2, 0, "CASH", 14, "N", "", 0, "DN2"
1496, 2164, "N", "MALE", 1970, "SOUTH MIDLAND", 2, 0, "CASH", 9, "N", "", 1, "EN2"
1497, 5864, "N", "MALE", 1932, "WESTERN", 2, 0, "CASH", 14, "N", "", 0, "XP"
1498, 6472, "N", "FEMALE", 1937, "NORTH MIDLAND", 2, 0, "CASH", 10, "N", "", 0, "XP"
1499, 3990, "N", "MALE", 1960, "WESTERN", 2, 0, "CASH", 14, "N", "", 0, "EN1"
1500, 4691, "N", "FEMALE", 1955, "NORTHERN", 3, 0, "CASH", 3, "Y", "", 0, "UNC"
1501, 8913, "N", "FEMALE", 1962, "WESTERN", 1, 0, "CASH", 9, "N", "", 0, "EN2"
1502, 5100, "N", "FEMALE", 1962, "SOUTH MIDLAND", 3, 0, "CASH", 11, "Y", "", 0, "EN2"
1503, 2566, "N", "MALE", 1956, "WESTERN", 2, 0, "CASH", 10, "N", "", 0, "XP"
1504, 8391, "N", "FEMALE", 1943, "SOUTH MIDLAND", 2, 0, "CASH", 18, "N", "", 0, "XP"
1505, 9977, "N", "MALE", 1958, "NORTHERN", 2, 0, "CASH", 4, "Y", "", 0, "EN1"
1507, 6139, "N", "FEMALE", 1939, "NORTH MIDLAND", 2, 0, "GIFT", 10, "Y", "", 0, "XP"
1508, 8587, "N", "FEMALE", 1963, "WESTERN", 3, 0, "CASH", 6, "N", "", 0, "EN2"
1509, 2956, "N", "FEMALE", 1963, "NEW ENGLAND", 1, 0, "CASH", 4, "Y", "", 0, "EN1"
1512, 1828, "N", "FEMALE", 1970, "SOUTH MIDLAND", 1, 0, "CASH", 10, "Y", "", 0, "EN2"
1513, 4375, "N", "FEMALE", 1936, "SOUTHERN", 2, 0, "CASH", 10, "N", "", 0, "DN2"
1514, 923, "N", "FEMALE", 1959, "WESTERN", 2, 0, "CASH", 13, "N", "", 0, "EN1"
1515, 7643, "N", "MALE", 1936, "NORTH MIDLAND", 2, 0, "CASH", 4, "N", "", 0, "EN1"
1516, 4527, "N", "MALE", 1964, "WESTERN", 2, 0, "CASH", 13, "N", "", 1, "UNC"
1518, 9092, "N", "FEMALE", 1961, "SOUTH MIDLAND", 2, 0, "CASH", 10, "N", "", 0, "EN1"
1519, 775, "N", "FEMALE", 1971, "SOUTH MIDLAND", 1, 0, "CASH", 4, "Y", "", 0, "UNC"
1521, 8466, "N", "FEMALE", 1954, "NORTHERN", 3, 0, "CASH", 14, "Y", "", 1, "EN2"
1522, 7328, "N", "FEMALE", 1968, "SOUTH MIDLAND", 2, 0, "CASH", 3, "N", "1212", 0, "EN1"
1523, 5226, "N", "MALE", 1968, "NORTHERN", 3, 0, "CASH", 1, "Y", "", 0, "UNC"
1524, 8679, "N", "MALE", 1963, "WESTERN", 2, 0, "CASH", 11, "N", "", 1, "DN2"
1525, 9340, "N", "MALE", 1959, "WESTERN", 2, 0, "CASH", 10, "Y", "", 0, "EN1"
1527, 399, "N", "MALE", 1943, "NORTH MIDLAND", 2, 0, "CASH", 1, "N", "", 0, "UNC"
1528, 1259, "Y", "MALE", 1940, "WESTERN", 3, 0, "CASH", 27, "N", "", 1, "ET"
1529, 7513, "N", "MALE", 1934, "NEW ENGLAND", 2, 1, "GIFT", 3, "Y", "", 0, "UNC"
1530, 3147, "N", "MALE", 1968, "SOUTH MIDLAND", 2, 0, "CASH", 11, "N", "", 0, "EN1"
1531, 4576, "N", "MALE", 1967, "NORTHERN", 2, 0, "CASH", 19, "N", "", 0, "EN1"
1532, 6743, "N", "MALE", 1965, "SOUTH MIDLAND", 3, 0, "CASH", 16, "N", "", 1, "EN2"
1533, 2137, "Y", "MALE", 1965, "NORTH MIDLAND", 3, 0, "CASH", 29, "N", "", 1, "ET"
1534, 3609, "N", "MALE", 1969, "NEW ENGLAND", 2, 0, "CASH", 12, "Y", "", 0, "UNC"
1536, 2585, "N", "MALE", 1961, "NORTHERN", 3, 0, "CASH", 12, "N", "", 0, "UNC"
1537, 3138, "N", "MALE", 1971, "SOUTHERN", 3, 0, "CASH", 15, "N", "", 1, "DN2"
1538, 6253, "N", "MALE", 1964, "NEW ENGLAND", 2, 0, "GIFT", 1, "Y", "", 1, "DEL"
1539, 3785, "N", "MALE", 1938, "NORTHERN", 2, 0, "CASH", 17, "N", "", 1, "EN2"
1540, 2565, "N", "MALE", 1963, "NORTHERN", 2, 0, "CASH", 12, "N", "", 0, "DN2"
1541, 3012, "N", "MALE", 1966, "SOUTH MIDLAND", 3, 0, "CASH", 14, "N", "", 1, "EN2"
1542, 6708, "N", "MALE", 1969, "SOUTH MIDLAND", 2, 0, "CASH", 12, "N", "", 0, "EN1"
1543, 5198, "N", "MALE", 1959, "WESTERN", 3, 0, "CASH", 14, "N", "", 1, "UNC"
1546, 9048, "N", "MALE", 1952, "WESTERN", 2, 0, "CASH", 13, "N", "", 1, "UNC"
1547, 4972, "N", "MALE", 1965, "NORTHERN", 2, 0, "CASH", 10, "Y", "", 0, "UNC"
1549, 5466, "N", "MALE", 1950, "NORTHERN", 3, 0, "CASH", 15, "N", "", 1, "EN2"
1551, 7180, "N", "MALE", 1962, "NORTH MIDLAND", 3, 0, "GIFT", 14, "N", "", 1, "XP"
1552, 5135, "N", "MALE", 1950, "WESTERN", 2, 0, "GIFT", 13, "N", "", 1, "EN1"
1553, 8550, "N", "MALE", 1957, "NYC", 2, 0, "CASH", 19, "N", "", 1, "DN2"
1554, 3684, "N", "MALE", 1960, "SOUTH MIDLAND", 3, 0, "CASH", 12, "N", "", 0, "UNC"
1555, 1087, "N", "MALE", 1960, "NORTH MIDLAND", 2, 0, "CASH", 15, "N", "", 1, "EN2"
1556, 3046, "N", "MALE", 1961, "SOUTHERN", 3, 0, "CASH", 12, "N", "", 0, "EN2"
1557, 219, "N", "MALE", 1969, "WESTERN", 2, 0, "CASH", 8, "Y", "", 0, "EN1"
1558, 7049, "N", "MALE", 1951, "NORTHERN", 2, 0, "CASH", 7, "Y", "", 0, "EN1"
1560, 8266, "N", "MALE", 1964, "NORTH MIDLAND", 2, 0, "CASH", 3, "Y", "", 0, "UNC"
1561, 6267, "N", "MALE", 1951, "WESTERN", 2, 0, "CASH", 15, "N", "", 1, "UNC"
1563, 5757, "N", "MALE", 1967, "NORTHERN", 2, 0, "CASH", 8, "N", "", 0, "EN1"
1564, 4051, "N", "MALE", 1952, "NORTHERN", 3, 0, "CASH", 7, "Y", "", 0, "EN1"
1565, 596, "N", "MALE", 1947, "NORTH MIDLAND", 1, 0, "CASH", 6, "N", "", 0, "EN2"
1566, 6857, "N", "MALE", 1963, "WESTERN", 3, 0, "CASH", 9, "N", "", 0, "EN2"
1567, 5706, "N", "MALE", 1946, "WESTERN", 1, 0, "CASH", 8, "N", "", 0, "EN1"
1568, 5745, "N", "MALE", 1962, "NORTHERN", 2, 0, "GIFT", 11, "N", "", 0, "XP"
1569, 5948, "N", "MALE", 1962, "NORTHERN", 3, 0, "CASH", 7, "Y", "", 0, "EN2"
1570, 8692, "N", "MALE", 1961, "WESTERN", 2, 0, "CASH", 3, "Y", "", 0, "DN2"
1571, 5674, "N", "MALE", 1967, "SOUTH MIDLAND", 2, 0, "CASH", 12, "N", "", 1, "EN2"
1572, 136, "N", "MALE", 1961, "NORTHERN", 2, 0, "CASH", 12, "N", "", 0, "UNC"
1573, 8832, "N", "MALE", 1966, "NYC", 3, 0, "CASH", 17, "N", "", 2, "EN2"
1574, 3170, "N", "MALE", 1962, "NORTH MIDLAND", 1, 0, "CASH", 9, "Y", "", 1, "UNC"
1575, 8257, "N", "MALE", 1954, "NORTHERN", 2, 0, "CASH", 13, "N", "", 2, "EN2"
1576, 634, "N", "MALE", 1969, "NORTH MIDLAND", 2, 0, "CASH", 15, "N", "", 0, "XP"
1577, 3137, "N", "MALE", 1962, "SOUTH MIDLAND", 2, 0, "CASH", 11, "N", "", 0, "EN2"
1579, 1968, "N", "MALE", 1971, "SOUTH MIDLAND", 2, 0, "CASH", 3, "Y", "", 0, "UNC"
1580, 6742, "N", "FEMALE", 1972, "SOUTHERN", 2, 0, "CASH", 12, "N", "", 1, "UNC"
1581, 4308, "N", "MALE", 1944, "SOUTH MIDLAND", 2, 0, "CASH", 8, "Y", "", 0, "EN2"
1582, 9202, "N", "MALE", 1953, "NORTH MIDLAND", 3, 0, "GIFT", 8, "N", "", 0, "EN2"
1583, 5723, "N", "FEMALE", 1963, "NORTHERN", 3, 0, "GIFT", 4, "Y", "", 0, "UNC"
1585, 3304, "N", "MALE", 1969, "WESTERN", 2, 0, "CASH", 8, "Y", "", 0, "DN2"
1586, 8099, "N", "MALE", 1965, "SOUTHERN", 3, 0, "CASH", 5, "Y", "", 1, "UNC"
1587, 45, "N", "MALE", 1969, "NORTH MIDLAND", 2, 0, "CASH", 5, "Y", "", 0, "UNC"
1588, 9811, "N", "MALE", 1962, "WESTERN", 2, 0, "CASH", 1, "Y", "", 0, "UNC"
1589, 7990, "N", "FEMALE", 1968, "NORTHERN", 2, 0, "CASH", 9, "Y", "", 0, "UNC"
1590, 6355, "N", "FEMALE", 1955, "SOUTHERN", 3, 0, "CASH", 12, "N", "", 1, "UNC"
1591, 8155, "N", "MALE", 1961, "NYC", 2, 0, "CASH", 12, "N", "", 0, "DN2"
1592, 3389, "N", "MALE", 1967, "SOUTHERN", 3, 0, "CASH", 16, "N", "", 1, "UNC"
1593, 2128, "N", "MALE", 1962, "NORTH MIDLAND", 3, 0, "CASH", 16, "N", "", 1, "EN2"
1594, 4485, "N", "FEMALE", 1948, "NEW ENGLAND", 3, 0, "CASH", 4, "Y", "", 0, "XP"
1595, 6424, "N", "MALE", 1962, "NYC", 3, 0, "CASH", 15, "N", "", 0, "EN1"
1596, 7206, "N", "MALE", 1956, "NYC", 3, 0, "CASH", 11, "Y", "", 1, "EN1"
1597, 6623, "N", "MALE", 1962, "WESTERN", 3, 0, "CASH", 3, "N", "", 0, "EN2"
1598, 8326, "N", "MALE", 1956, "SOUTH MIDLAND", 2, 0, "GIFT", 1, "Y", "", 1, "DEL"
1599, 8042, "N", "FEMALE", 1963, "NORTHERN", 2, 0, "CASH", 11, "N", "", 0, "UNC"
1600, 7126, "N", "FEMALE", 1972, "SOUTH MIDLAND", 2, 0, "CASH", 13, "N", "", 1, "EN2"
1601, 1295, "N", "FEMALE", 1945, "SOUTH MIDLAND", 2, 0, "CASH", 11, "N", "", 0, "EN1"
1602, 1181, "N", "FEMALE", 1963, "SOUTH MIDLAND", 1, 0, "CASH", 12, "N", "", 1, "XP"
1603, 9429, "N", "FEMALE", 1970, "SOUTH MIDLAND", 2, 0, "CASH", 11, "N", "", 1, "EN2"
1604, 2905, "N", "MALE", 1963, "NORTHERN", 2, 0, "CASH", 12, "N", "", 1, "UNC"
1605, 3940, "N", "MALE", 1957, "SOUTH MIDLAND", 3, 0, "CASH", 11, "Y", "", 0, "UNC"
1606, 2025, "N", "MALE", 1963, "SOUTH MIDLAND", 2, 0, "CASH", 8, "Y", "", 0, "UNC"
1607, 3094, "N", "MALE", 1945, "NORTHERN", 2, 0, "CASH", 6, "N", "", 0, "DN2"
1608, 9699, "N", "FEMALE", 1948, "SOUTH MIDLAND", 3, 0, "GIFT", 8, "N", "", 1, "DN2"
1610, 9495, "N", "MALE", 1943, "NORTHERN", 2, 0, "CASH", 12, "N", "", 1, "EN2"
1611, 835, "N", "MALE", 1966, "WESTERN", 2, 0, "CASH", 11, "N", "", 0, "EN1"
1612, 162, "N", "MALE", 1962, "NORTH MIDLAND", 2, 0, "CASH", 11, "N", "", 1, "EN2"
1613, 500, "N", "MALE", 1961, "NORTH MIDLAND", 3, 0, "CASH", 12, "N", "", 1, "EN2"
1614, 7987, "N", "FEMALE", 1963, "SOUTHERN", 3, 0, "CASH", 14, "N", "", 1, "UNC"
1615, 1198, "N", "MALE", 1960, "NORTHERN", 2, 0, "CASH", 9, "N", "", 1, "EN1"
1616, 4840, "N", "MALE", 1960, "SOUTH MIDLAND", 3, 0, "CASH", 11, "N", "", 1, "UNC"
1619, 6656, "N", "MALE", 1951, "NYC", 3, 0, "GIFT", 11, "N", "", 1, "EN1"
1620, 7162, "N", "FEMALE", 1945, "WESTERN", 3, 0, "CASH", 9, "N", "", 1, "EN2"
1621, 998, "N", "MALE", 1964, "NORTHERN", 2, 0, "CASH", 11, "N", "", 2, "EN1"
1622, 9193, "N", "MALE", 1962, "NORTH MIDLAND", 2, 0, "CASH", 10, "N", "", 0, "EN1"
1623, 9978, "N", "MALE", 1949, "SOUTH MIDLAND", 3, 0, "CASH", 18, "N", "", 1, "EN2"
1624, 878, "N", "MALE", 1943, "WESTERN", 3, 0, "GIFT", 13, "N", "", 1, "UNC"
1625, 6091, "N", "MALE", 1969, "NORTH MIDLAND", 2, 0, "CASH", 16, "N", "", 0, "EN2"
1626, 6297, "N", "FEMALE", 1953, "SOUTH MIDLAND", 2, 0, "CASH", 7, "N", "", 0, "XP"
1629, 3115, "N", "MALE", 1958, "SOUTH MIDLAND", 2, 0, "CASH", 10, "Y", "", 1, "EN1"
1630, 9990, "N", "MALE", 1958, "SOUTH MIDLAND", 2, 0, "CASH", 13, "N", "", 0, "DN2"
1632, 7713, "N", "FEMALE", 1962, "WESTERN", 2, 0, "CASH", 10, "Y", "", 0, "UNC"
1633, 1796, "N", "MALE", 1963, "SOUTHERN", 3, 0, "GIFT", 7, "N", "", 0, "EN1"
1634, 3049, "N", "MALE", 1971, "NORTH MIDLAND", 1, 0, "GIFT", 2, "Y", "", 0, "UNC"
1635, 3583, "N", "FEMALE", 1965, "NORTHERN", 2, 0, "CASH", 8, "N", "", 1, "DN2"
1638, 3607, "N", "MALE", 1956, "WESTERN", 2, 0, "CASH", 14, "N", "", 1, "EN2"
1639, 3158, "N", "MALE", 1949, "SOUTH MIDLAND", 1, 0, "CASH", 11, "N", "", 1, "EN2"
1640, 9522, "N", "FEMALE", 1966, "SOUTH MIDLAND", 2, 0, "CASH", 1, "Y", "", 0, "UNC"
1641, 2135, "N", "FEMALE", 1963, "SOUTHERN", 2, 0, "CASH", 19, "N", "", 0, "EN2"
1643, 164, "N", "MALE", 1955, "NEW ENGLAND", 2, 0, "CASH", 12, "N", "", 0, "EN2"
1646, 2561, "N", "FEMALE", 1967, "SOUTH MIDLAND", 2, 0, "CASH", 13, "N", "", 0, "EN1"
1647, 5280, "N", "MALE", 1963, "SOUTHERN", 2, 0, "CASH", 11, "N", "", 0, "EN1"
1648, 7744, "N", "MALE", 1962, "SOUTHERN", 3, 0, "CASH", 1, "Y", "", 0, "UNC"
1649, 3060, "N", "MALE", 1951, "NORTH MIDLAND", 2, 0, "CASH", 11, "N", "", 0, "EN1"
1650, 4269, "N", "MALE", 1965, "SOUTH MIDLAND", 3, 0, "CASH", 4, "Y", "", 0, "EN1"
1651, 8370, "N", "MALE", 1969, "WESTERN", 2, 0, "CASH", 18, "N", "", 0, "EN1"
1652, 5064, "N", "MALE", 1960, "NEW ENGLAND", 2, 0, "CASH", 16, "N", "", 0, "EN2"
1653, 6482, "N", "FEMALE", 1968, "WESTERN", 2, 0, "CASH", 13, "Y", "", 0, "UNC"
1654, 966, "N", "MALE", 1959, "WESTERN", 3, 0, "CASH", 14, "N", "", 0, "EN1"
1655, 4632, "N", "MALE", 1970, "NYC", 2, 0, "CASH", 5, "Y", "", 0, "EN1"
1656, 2139, "N", "FEMALE", 1959, "SOUTH MIDLAND", 2, 0, "CASH", 3, "Y", "", 0, "EN1"
1657, 3843, "N", "FEMALE", 1947, "NORTH MIDLAND", 2, 0, "CASH", 10, "N", "", 0, "EN2"
1660, 2414, "N", "FEMALE", 1959, "WESTERN", 1, 0, "CASH", 13, "N", "", 1, "EN1"
1661, 996, "N", "MALE", 1956, "SOUTH MIDLAND", 2, 0, "CASH", 19, "N", "", 0, "EN2"
1662, 2316, "N", "MALE", 1959, "WESTERN", 2, 0, "CASH", 4, "Y", "", 0, "EN1"
1664, 5105, "N", "MALE", 1956, "SOUTHERN", 3, 0, "CASH", 6, "N", "", 0, "XP"
1666, 6225, "N", "MALE", 1961, "NORTH MIDLAND", 3, 0, "CASH", 9, "N", "", 0, "UNC"
1667, 1783, "N", "MALE", 1970, "NORTHERN", 2, 0, "CASH", 9, "N", "", 0, "EN2"
1669, 9592, "N", "FEMALE", 1954, "NEW ENGLAND", 2, 0, "CASH", 17, "N", "", 0, "EN1"
1670, 1966, "N", "FEMALE", 1970, "NORTH MIDLAND", 2, 0, "CASH", 4, "Y", "", 0, "EN1"
1671, 5788, "N", "FEMALE", 1970, "NORTH MIDLAND", 2, 0, "CASH", 8, "N", "", 0, "EN2"
1673, 4339, "N", "MALE", 1959, "SOUTHERN", 3, 0, "CASH", 7, "N", "", 0, "EN1"
1674, 8732, "N", "FEMALE", 1946, "SOUTH MIDLAND", 1, 0, "CASH", 13, "Y", "", 0, "EN2"
1676, 6458, "Y", "MALE", 1964, "NORTHERN", 2, 0, "CASH", 27, "N", "", 0, "ET"
1677, 3697, "N", "MALE", 1971, "WESTERN", 2, 0, "CASH", 4, "N", "", 0, "EN1"
1678, 4350, "N", "MALE", 1966, "NORTH MIDLAND", 2, 0, "CASH", 8, "N", "", 0, "EN1"
1679, 3113, "N", "MALE", 1971, "NORTHERN", 2, 0, "CASH", 1, "Y", "", 0, "UNC"
1680, 616, "Y", "FEMALE", 1950, "NYC", 3, 0, "CASH", 24, "Y", "", 0, "ET"
1682, 8122, "N", "MALE", 1967, "NORTHERN", 2, 0, "CASH", 6, "N", "", 0, "EN1"
1683, 7668, "N", "MALE", 1952, "NORTH MIDLAND", 3, 0, "CASH", 15, "N", "", 0, "EN1"
1684, 108, "N", "FEMALE", 1966, "SOUTHERN", 1, 0, "CASH", 9, "N", "", 0, "EN1"
1686, 4956, "N", "MALE", 1970, "SOUTH MIDLAND", 2, 0, "CASH", 3, "Y", "", 0, "UNC"
1687, 6350, "N", "MALE", 1962, "NORTHERN", 2, 0, "CASH", 4, "Y", "", 0, "EN1"
1688, 2251, "N", "MALE", 1965, "NORTHERN", 2, 0, "GIFT", 10, "N", "", 0, "EN1"
1689, 1595, "N", "MALE", 1945, "NORTH MIDLAND", 3, 0, "CASH", 2, "Y", "", 0, "UNC"
1690, 2435, "N", "MALE", 1955, "NYC", 2, 0, "CASH", 19, "N", "", 0, "EN2"
1691, 1782, "N", "MALE", 1969, "SOUTH MIDLAND", 3, 0, "CASH", 4, "N", "", 0, "EN2"
1692, 402, "N", "MALE", 1937, "NEW ENGLAND", 3, 0, "NONE", 1, "Y", "", 0, "UNC"
1694, 5445, "N", "MALE", 1952, "SOUTH MIDLAND", 3, 0, "CASH", 4, "N", "", 0, "EN1"
1695, 773, "N", "FEMALE", 1964, "SOUTHERN", 2, 0, "CASH", 6, "N", "", 0, "EN1"
1696, 4748, "N", "FEMALE", 1954, "WESTERN", 1, 0, "CASH", 5, "N", "", 0, ""
1697, 3654, "N", "FEMALE", 1940, "WESTERN", 2, 0, "CASH", 2, "N", "", 0, ""
1699, 6407, "N", "MALE", 1964, "SOUTH MIDLAND", 1, 0, "CASH", 5, "Y", "", 0, "EN1"
1700, 2004, "N", "MALE", 1966, "NORTHERN", 3, 0, "CASH", 14, "N", "", 0, "XP"
1701, 1657, "N", "FEMALE", 1936, "NORTHERN", 2, 0, "CASH", 14, "N", "", 0, "EN1"
1703, 6872, "N", "MALE", 1958, "SOUTHERN", 3, 0, "CASH", 10, "N", "", 0, "EN1"
