2001, 1, 1, 2, 1, 3, 1, 1, 1, 1, ""
2005, 4, 1, 2, 3, 3, 1, 1, 2, 2, ""
2006, 1, 1, 1, 1, 1, 1, 1, 1, 1, ""
2007, 1, 1, 1, 1, 4, 1, 2, 1, 1, ""
2008, 1, 1, 3, 3, 1, 1, 3, 1, 3, ""
2009, 1, 1, 1, 4, 2, 1, 1, 1, 1, ""
2010, 1, 1, 1, 3, 3, 1, 2, 1, 1, ""
2012, 2, 2, 2, 2, 2, 2, 2, 2, 2, ""
2013, 3, 2, 1, 3, 4, 1, 1, 3, 1, ""
2014, 1, 1, 1, 1, 1, 1, 1, 1, 1, ""
2015, 1, 1, 1, 4, 3, 1, 1, 1, 1, ""
2017, 1, 1, 1, 4, 4, 1, 1, 1, 1, ""
2018, 2, 1, 1, 4, 2, 1, 1, 1, 1, ""
2019, 1, 1, 1, 4, 3, 1, 2, 1, 1, ""
2020, 3, 1, 1, 4, 4, 2, 2, 2, 2, ""
2022, 1, 1, 1, 3, 3, 1, 1, 3, 3, ""
2023, 2, 3, 2, 4, 3, 1, 1, 1, 1, ""
2024, 1, 1, 1, 4, 2, 1, 1, 1, 1, ""
2025, 1, 1, 1, 3, 3, 1, 1, 1, 1, ""
2027, 1, 1, 1, 4, 3, 1, 1, 1, 1, ""
2028, 2, 4, 2, 3, 2, 2, 2, 1, 1, ""
2032, 3, 2, 2, 2, 3, 2, 3, 2, 3, ""
2035, 1, 1, 1, 3, 2, 1, 1, 1, 1, ""
2036, 1, 2, 1, 2, 1, 1, 1, 1, 1, ""
2038, 2, 1, 1, 1, 2, 1, 1, 1, 2, ""
2039, 4, 3, 3, 1, 1, 2, 2, 2, 2, ""
2040, 1, 1, 1, 1, 1, 1, 1, 1, 1, ""
2041, 3, 2, 2, 1, 3, 1, 2, 4, 4, ""
2044, 1, 1, 1, 3, 2, 1, 1, 1, 1, ""
2045, 2, 1, 1, 4, 4, 1, 3, 2, 1, ""
2050, 3, 2, 1, 2, 2, 1, 1, 2, 2, ""
2051, 1, 1, 1, 2, 2, 1, 1, 1, 1, ""
2053, 2, 2, 3, 4, 4, 2, 2, 2, 2, ""
2054, 2, 2, 2, 1, 5, 1, 1, 1, 1, ""
2055, 1, 2, 2, 3, 1, 1, 1, 1, 1, ""
2056, 2, 1, 1, 5, 4, 1, 1, 1, 2, ""
2057, 3, 1, 1, 5, 5, 1, 1, 2, 2, ""
2060, 2, 2, 1, 4, 1, 2, 2, 2, 2, ""
2061, 4, 5, 1, 3, 1, 1, 1, 2, 1, ""
2062, 2, 2, 1, 3, 3, 1, 1, 1, 1, ""
2064, 3, 1, 1, 4, 3, 1, 1, 1, 1, ""
2065, 1, 3, 1, 2, 2, 1, 1, 1, 1, ""
2067, 2, 3, 1, 2, 3, 1, 1, 1, 1, ""
2071, 2, 1, 2, 4, 2, 1, 1, 3, 2, ""
2072, 2, 1, 1, 2, 2, 1, 1, 1, 1, ""
2073, 2, 2, 2, 3, 2, 1, 1, 2, 3, ""
2078, 2, 4, 2, 3, 3, 1, 1, 2, 1, ""
2079, 2, 1, 2, 3, 3, 1, 2, 1, 1, ""
2080, 4, 3, 1, 2, 5, 2, 2, 1, 1, ""
2082, 1, 1, 1, 5, 3, 1, 1, 1, 1, ""
2083, 2, 1, 1, 4, 2, 2, 2, 1, 1, ""
2085, 2, 3, 1, 1, 1, 1, 1, 1, 1, ""
2086, 1, 1, 1, 1, 3, 1, 1, 1, 1, ""
2087, 3, 1, 1, 2, 2, 2, 2, 1, 1, ""
2089, 2, 1, 1, 3, 1, 1, 1, 1, 1, ""
2090, 1, 2, 2, 3, 3, 1, 1, 2, 2, ""
2091, 4, 2, 2, 2, 4, 1, 1, 1, 2, ""
2092, 2, 1, 1, 1, 4, 1, 1, 1, 1, ""
2093, 1, 2, 3, 3, 3, 1, 3, 1, 1, ""
2094, 1, 1, 1, 1, 0, 0, 0, 0, 0, ""
2095, 1, 1, 1, 4, 4, 1, 3, 1, 1, ""
2096, 2, 2, 1, 1, 2, 2, 2, 2, 2, ""
2101, 3, 2, 1, 5, 4, 2, 1, 1, 1, ""
2102, 3, 1, 1, 3, 1, 1, 1, 1, 1, ""
2104, 1, 1, 1, 1, 2, 1, 1, 1, 1, ""
2105, 2, 1, 1, 3, 3, 1, 1, 1, 2, ""
2107, 1, 1, 1, 4, 4, 1, 1, 1, 1, ""
2108, 1, 1, 1, 3, 2, 1, 1, 1, 1, ""
2109, 1, 1, 1, 3, 2, 1, 1, 1, 1, ""
2110, 1, 4, 1, 3, 1, 1, 1, 1, 2, ""
2111, 1, 1, 1, 4, 3, 1, 1, 1, 1, ""
2113, 1, 1, 1, 3, 3, 1, 1, 1, 1, ""
2114, 1, 2, 1, 5, 2, 1, 1, 1, 1, ""
2116, 1, 1, 1, 2, 0, 1, 1, 1, 1, ""
2118, 1, 1, 1, 1, 2, 1, 2, 1, 1, ""
2120, 1, 1, 1, 1, 4, 1, 1, 1, 1, ""
2121, 2, 2, 1, 1, 2, 2, 2, 1, 1, ""
2122, 1, 1, 2, 1, 3, 1, 1, 1, 1, ""
2123, 1, 1, 1, 1, 3, 1, 1, 1, 1, ""
2124, 1, 1, 1, 3, 3, 1, 1, 1, 1, ""
2125, 1, 1, 1, 2, 2, 1, 1, 1, 1, ""
2129, 1, 1, 1, 2, 2, 1, 2, 1, 1, ""
2130, 2, 1, 1, 2, 1, 1, 1, 1, 2, ""
2131, 4, 1, 1, 4, 3, 2, 2, 1, 1, ""
2136, 3, 2, 2, 3, 1, 3, 1, 1, 1, ""
2137, 2, 2, 2, 3, 5, 1, 3, 2, 4, ""
2139, 1, 2, 1, 3, 1, 1, 1, 1, 2, ""
2141, 2, 1, 2, 3, 3, 2, 2, 2, 2, ""
2145, 2, 2, 2, 3, 1, 1, 2, 1, 1, ""
2149, 2, 2, 1, 1, 2, 1, 1, 1, 1, ""
2150, 3, 5, 2, 2, 2, 1, 1, 4, 1, ""
2151, 1, 1, 4, 1, 3, 1, 1, 1, 2, ""
2152, 2, 3, 2, 3, 1, 2, 2, 2, 2, ""
2153, 2, 2, 2, 3, 3, 2, 2, 2, 2, ""
2154, 2, 2, 2, 2, 3, 3, 3, 2, 4, ""
2155, 1, 1, 1, 1, 2, 1, 3, 1, 1, ""
2157, 2, 1, 3, 4, 1, 2, 2, 1, 1, ""
2158, 2, 3, 1, 1, 3, 1, 1, 2, 2, ""
2160, 2, 1, 1, 1, 1, 1, 1, 2, 1, ""
2161, 1, 1, 1, 3, 4, 1, 2, 1, 1, ""
2162, 3, 1, 1, 1, 1, 1, 1, 1, 1, ""
2163, 1, 1, 2, 2, 4, 1, 1, 2, 1, ""
2164, 2, 1, 1, 2, 1, 3, 1, 1, 1, ""
2165, 2, 1, 1, 5, 1, 2, 1, 1, 1, ""
2166, 2, 1, 1, 1, 2, 1, 1, 1, 1, ""
2167, 1, 1, 1, 5, 3, 1, 1, 1, 3, ""
2168, 3, 1, 1, 4, 4, 1, 1, 1, 2, ""
2169, 4, 1, 1, 4, 2, 1, 1, 1, 1, ""
2171, 1, 3, 1, 4, 2, 1, 1, 1, 1, ""
2172, 1, 1, 1, 3, 2, 1, 1, 1, 1, ""
2173, 2, 1, 1, 3, 1, 1, 1, 1, 1, ""
2174, 1, 1, 1, 1, 5, 1, 1, 1, 1, ""
2175, 1, 2, 1, 1, 5, 1, 1, 1, 1, ""
2176, 1, 1, 1, 1, 5, 1, 1, 1, 1, ""
2177, 2, 1, 1, 3, 2, 1, 1, 3, 1, ""
2178, 2, 2, 1, 3, 2, 4, 1, 1, 1, ""
2179, 3, 2, 2, 4, 2, 2, 2, 2, 3, ""
2180, 2, 2, 2, 2, 2, 2, 2, 2, 2, ""
2181, 3, 1, 1, 1, 1, 1, 1, 0, 0, ""
2182, 2, 1, 1, 3, 4, 1, 1, 1, 1, ""
2184, 2, 1, 1, 4, 4, 1, 1, 1, 1, ""
2185, 1, 1, 1, 3, 3, 1, 1, 1, 1, ""
2186, 3, 1, 1, 3, 2, 1, 1, 1, 1, ""
2187, 4, 2, 2, 2, 3, 3, 3, 2, 3, ""
2189, 3, 3, 2, 3, 3, 2, 3, 2, 3, ""
2190, 4, 3, 3, 3, 3, 2, 2, 2, 3, ""
2191, 3, 2, 1, 4, 1, 1, 1, 1, 2, ""
2193, 3, 3, 3, 2, 2, 1, 1, 2, 2, ""
2194, 3, 2, 3, 1, 1, 1, 1, 1, 1, ""
2195, 1, 1, 2, 1, 1, 1, 1, 1, 1, ""
2196, 2, 2, 3, 2, 2, 2, 2, 2, 2, ""
2197, 3, 2, 2, 1, 2, 1, 2, 1, 1, ""
2198, 2, 3, 2, 0, 2, 2, 0, 2, 0, ""
2199, 2, 2, 1, 1, 1, 1, 1, 1, 1, ""
2201, 2, 2, 2, 2, 3, 1, 1, 1, 1, ""
2202, 2, 5, 2, 2, 2, 1, 1, 1, 1, ""
2203, 2, 3, 1, 2, 2, 1, 1, 1, 3, ""
2204, 1, 2, 2, 1, 1, 1, 1, 1, 1, ""
2205, 5, 2, 2, 3, 3, 1, 1, 2, 1, ""
2206, 1, 2, 4, 2, 2, 1, 1, 2, 2, ""
2220, 2, 3, 2, 3, 2, 2, 2, 2, 1, ""
2221, 3, 3, 2, 2, 2, 1, 1, 1, 1, ""
2222, 1, 2, 2, 2, 2, 1, 1, 1, 1, ""
2223, 1, 1, 1, 1, 1, 1, 1, 1, 1, ""
2224, 3, 2, 2, 3, 3, 2, 2, 1, 1, ""
2226, 2, 2, 1, 2, 2, 2, 2, 1, 2, ""
2227, 5, 5, 3, 2, 2, 1, 1, 1, 1, ""
2228, 2, 2, 2, 2, 2, 2, 2, 2, 2, ""
2229, 2, 2, 2, 2, 2, 2, 2, 2, 2, ""
2230, 4, 1, 1, 1, 1, 1, 1, 4, 0, ""
2231, 2, 1, 1, 1, 1, 1, 1, 2, 2, ""
2232, 2, 3, 1, 1, 1, 0, 1, 2, 2, ""
2233, 1, 1, 1, 1, 3, 1, 1, 2, 2, ""
2234, 1, 1, 1, 2, 2, 1, 1, 1, 1, ""
2235, 2, 1, 1, 3, 3, 1, 1, 1, 1, ""
2236, 2, 1, 1, 0, 1, 1, 1, 4, 4, ""
2237, 3, 1, 1, 1, 1, 1, 0, 4, 4, ""
2238, 2, 3, 2, 2, 3, 3, 3, 2, 2, ""
2239, 2, 2, 2, 2, 3, 2, 2, 3, 2, ""
2240, 3, 3, 2, 2, 3, 2, 3, 2, 2, ""
2241, 2, 2, 2, 4, 3, 2, 2, 2, 2, ""
2242, 2, 2, 2, 2, 3, 2, 2, 2, 2, ""
2243, 2, 2, 2, 2, 2, 2, 2, 2, 2, ""
2244, 2, 2, 2, 2, 2, 2, 2, 2, 2, ""
2245, 3, 4, 2, 2, 3, 2, 2, 2, 3, ""
2246, 3, 2, 2, 2, 2, 2, 2, 2, 2, ""
2247, 2, 2, 2, 3, 3, 2, 2, 2, 2, ""
2248, 2, 2, 2, 3, 3, 2, 2, 2, 2, ""
2249, 2, 2, 2, 3, 3, 2, 2, 2, 3, ""
2250, 2, 2, 2, 2, 3, 2, 2, 2, 2, ""
2251, 2, 2, 2, 2, 3, 2, 2, 2, 3, ""
2252, 4, 2, 3, 3, 3, 2, 2, 2, 2, ""
2253, 3, 2, 2, 3, 3, 2, 3, 2, 3, ""
2254, 2, 2, 2, 2, 2, 2, 2, 2, 2, ""
2255, 3, 2, 2, 3, 3, 2, 2, 2, 2, ""
2256, 2, 2, 2, 3, 1, 1, 1, 1, 1, ""
2257, 3, 2, 2, 3, 3, 2, 3, 2, 2, ""
2258, 3, 5, 1, 5, 3, 1, 4, 1, 1, ""
2259, 1, 1, 1, 3, 1, 1, 1, 1, 1, ""
2260, 3, 3, 1, 4, 2, 1, 1, 1, 1, ""
2261, 2, 1, 1, 1, 5, 1, 1, 1, 1, ""
2262, 1, 1, 1, 3, 1, 1, 1, 1, 1, ""
2263, 1, 1, 1, 1, 3, 1, 1, 1, 1, ""
2264, 2, 1, 1, 3, 5, 1, 1, 1, 1, ""
2265, 1, 1, 1, 2, 4, 1, 1, 1, 1, ""
2266, 1, 1, 1, 2, 3, 1, 1, 1, 1, ""
2267, 3, 1, 1, 1, 1, 1, 2, 1, 3, ""
2268, 1, 1, 1, 1, 1, 1, 1, 1, 1, ""
2269, 4, 1, 1, 1, 1, 1, 1, 2, 5, ""
2270, 3, 3, 3, 3, 1, 2, 2, 2, 3, ""
2271, 3, 2, 4, 2, 1, 1, 2, 3, 1, ""
2272, 2, 2, 2, 2, 1, 1, 1, 1, 1, ""
2273, 2, 4, 3, 1, 1, 1, 1, 1, 1, ""
2274, 3, 1, 1, 1, 2, 1, 1, 1, 1, ""
2275, 1, 2, 1, 2, 2, 1, 1, 0, 0, ""
2276, 3, 2, 1, 1, 1, 1, 1, 1, 1, ""
2277, 2, 1, 1, 3, 2, 1, 1, 1, 1, ""
2278, 3, 2, 1, 3, 1, 1, 1, 1, 1, ""
2279, 1, 1, 1, 5, 1, 1, 1, 1, 1, ""
2280, 1, 1, 1, 2, 2, 1, 1, 1, 1, ""
2281, 4, 1, 1, 2, 2, 1, 1, 1, 1, ""
2282, 1, 1, 1, 2, 2, 1, 1, 1, 1, ""
2283, 2, 1, 1, 1, 1, 1, 1, 1, 1, ""
2284, 3, 2, 1, 2, 2, 1, 1, 1, 1, ""
2285, 1, 1, 1, 1, 1, 1, 1, 1, 1, ""
2286, 1, 1, 1, 1, 3, 1, 1, 1, 1, ""
2287, 1, 1, 2, 2, 4, 1, 1, 1, 1, ""
2288, 1, 1, 1, 2, 2, 1, 1, 1, 1, ""
2289, 1, 1, 1, 1, 2, 1, 1, 1, 1, ""
2290, 1, 1, 1, 2, 1, 1, 1, 1, 1, ""
2291, 2, 1, 1, 1, 5, 3, 1, 1, 1, ""
2292, 1, 1, 1, 2, 3, 1, 1, 1, 1, ""
2293, 1, 1, 1, 1, 2, 1, 1, 1, 1, ""
2294, 2, 1, 1, 1, 5, 1, 1, 1, 1, ""
2295, 2, 1, 1, 4, 1, 1, 1, 1, 1, ""
2296, 1, 1, 1, 1, 1, 1, 1, 1, 1, ""
2297, 1, 1, 1, 1, 4, 1, 1, 1, 1, ""
2298, 1, 1, 3, 2, 1, 1, 1, 1, 1, ""
2299, 1, 1, 1, 4, 2, 1, 1, 1, 1, ""
2300, 1, 1, 1, 3, 2, 1, 1, 0, 0, ""
2301, 1, 1, 2, 2, 2, 1, 1, 1, 1, ""
2302, 1, 1, 1, 3, 3, 1, 1, 0, 0, ""
2303, 1, 1, 1, 1, 1, 1, 1, 1, 1, ""
2304, 3, 1, 1, 1, 1, 1, 1, 0, 0, ""
2305, 2, 3, 1, 2, 1, 1, 1, 0, 0, ""
2306, 2, 3, 1, 2, 1, 1, 1, 1, 1, ""
2307, 2, 1, 1, 4, 1, 1, 1, 1, 1, ""
2308, 2, 2, 1, 1, 1, 1, 1, 1, 1, ""
2309, 3, 1, 1, 3, 2, 1, 1, 1, 1, ""
2310, 1, 1, 1, 3, 1, 1, 1, 1, 1, ""
2311, 2, 2, 1, 1, 1, 1, 1, 1, 1, ""
2312, 4, 1, 1, 1, 2, 1, 1, 1, 1, ""
2313, 2, 2, 2, 4, 1, 1, 1, 1, 1, ""
2314, 2, 2, 2, 2, 2, 1, 1, 1, 3, ""
2315, 3, 2, 2, 3, 2, 2, 1, 2, 2, ""
2316, 3, 2, 3, 1, 2, 1, 1, 1, 2, ""
2317, 3, 4, 1, 2, 2, 1, 1, 1, 2, ""
2318, 2, 2, 2, 1, 2, 3, 2, 1, 1, ""
2319, 3, 1, 1, 2, 2, 1, 1, 1, 1, ""
2320, 2, 4, 3, 3, 2, 2, 2, 1, 3, ""
2323, 2, 2, 2, 1, 1, 2, 2, 1, 3, ""
2324, 3, 1, 2, 2, 2, 1, 1, 2, 4, ""
2325, 3, 1, 1, 3, 3, 1, 1, 2, 2, ""
2326, 4, 3, 4, 4, 2, 1, 2, 2, 3, ""
2327, 3, 2, 3, 2, 1, 2, 1, 1, 1, ""
2328, 3, 4, 2, 1, 2, 3, 2, 3, 2, ""
2329, 3, 3, 4, 3, 1, 3, 2, 1, 4, ""
2330, 1, 1, 2, 2, 1, 1, 1, 1, 1, ""
2331, 1, 1, 1, 2, 2, 1, 1, 1, 1, ""
2332, 2, 3, 1, 1, 3, 1, 1, 1, 1, ""
2333, 2, 5, 1, 2, 1, 1, 1, 1, 1, ""
2334, 2, 2, 1, 1, 2, 1, 1, 1, 1, ""
2335, 1, 2, 1, 2, 1, 1, 1, 1, 1, ""
2336, 1, 1, 1, 5, 1, 1, 1, 1, 1, ""
2337, 2, 2, 1, 3, 1, 1, 1, 1, 1, ""
2338, 1, 1, 1, 2, 1, 1, 1, 1, 1, ""
2339, 1, 2, 1, 1, 1, 1, 1, 1, 1, ""
2340, 2, 1, 1, 2, 2, 1, 1, 1, 1, ""
2341, 1, 1, 1, 2, 3, 1, 1, 1, 1, ""
2342, 2, 2, 1, 2, 1, 1, 1, 1, 1, ""
2343, 1, 1, 2, 2, 2, 1, 1, 1, 1, ""
2344, 1, 2, 1, 1, 3, 1, 1, 1, 1, ""
2345, 3, 1, 1, 4, 4, 1, 1, 1, 1, ""
2346, 1, 2, 1, 1, 2, 3, 1, 1, 3, ""
2347, 2, 1, 1, 1, 2, 3, 3, 1, 2, "voices break up several times; speakers overlap a lot; callers speak rapidly; children and noises in background on B"
2348, 1, 1, 2, 1, 3, 1, 2, 1, 1, ""
2349, 1, 1, 3, 2, 3, 2, 1, 2, 1, ""
2350, 3, 1, 1, 3, 3, 3, 3, 1, 1, ""
2352, 3, 3, 1, 1, 1, 1, 1, 1, 1, ""
2353, 2, 3, 1, 1, 3, 1, 1, 1, 2, ""
2354, 5, 3, 1, 3, 1, 5, 4, 5, 4, ""
2355, 1, 3, 1, 3, 2, 2, 1, 1, 1, ""
2356, 1, 1, 1, 3, 2, 1, 1, 1, 1, ""
2358, 4, 2, 2, 3, 4, 3, 2, 2, 3, ""
2359, 3, 3, 2, 1, 1, 2, 2, 2, 2, ""
2360, 2, 3, 3, 4, 1, 1, 1, 1, 1, ""
2361, 3, 2, 2, 2, 1, 2, 2, 3, 3, "Tape kept fading in and out about midway through tape"
2362, 2, 2, 2, 1, 4, 1, 1, 2, 2, ""
2363, 2, 2, 1, 3, 4, 1, 1, 1, 1, ""
2365, 3, 2, 1, 3, 3, 1, 1, 2, 3, "difficult to understand some sections because the tape kept fading in and out; speaker B breaths heavily into phone"
2366, 2, 1, 1, 3, 1, 1, 1, 1, 1, ""
2367, 1, 1, 3, 5, 1, 1, 1, 1, 1, ""
2368, 1, 2, 1, 3, 3, 1, 1, 1, 1, ""
2369, 3, 1, 1, 3, 3, 2, 2, 3, 3, "some speaker overlap"
2370, 1, 1, 1, 2, 2, 1, 1, 1, 1, ""
2371, 1, 1, 1, 3, 2, 1, 1, 1, 1, ""
2372, 3, 1, 1, 3, 4, 5, 5, 1, 1, "There were a lot of breaks in this tape"
2373, 2, 3, 1, 1, 4, 1, 1, 2, 1, ""
2374, 2, 2, 1, 2, 1, 1, 1, 1, 2, "some dropouts throughout; noise throughout on both sides that sounded like television or stereo."
2375, 1, 1, 1, 1, 2, 1, 1, 1, 1, ""
2376, 2, 1, 1, 5, 5, 1, 1, 2, 2, ""
2377, 1, 1, 1, 1, 3, 2, 1, 2, 1, ""
2378, 1, 1, 1, 1, 1, 1, 1, 1, 1, ""
2379, 1, 1, 1, 1, 1, 1, 1, 1, 1, ""
2380, 2, 2, 2, 2, 2, 2, 2, 2, 2, ""
2381, 2, 2, 2, 2, 2, 2, 2, 2, 2, ""
2382, 3, 3, 2, 4, 2, 2, 2, 2, 2, ""
2383, 2, 2, 2, 4, 2, 2, 2, 2, 2, ""
2384, 1, 1, 1, 2, 1, 1, 1, 1, 1, ""
2386, 5, 3, 1, 3, 3, 1, 1, 5, 5, ""
2387, 2, 1, 1, 4, 1, 1, 1, 1, 1, ""
2388, 3, 1, 1, 1, 3, 3, 1, 3, 1, ""
2389, 1, 2, 1, 1, 1, 1, 2, 1, 1, ""
2390, 2, 1, 1, 1, 3, 1, 1, 1, 1, ""
2392, 4, 4, 1, 5, 4, 1, 1, 2, 5, ""
2393, 2, 1, 2, 3, 1, 1, 1, 2, 2, ""
2394, 2, 1, 2, 4, 1, 1, 1, 1, 3, ""
2395, 2, 3, 1, 5, 4, 1, 1, 1, 1, ""
2396, 3, 2, 2, 3, 2, 1, 1, 3, 2, ""
2397, 2, 1, 1, 2, 3, 1, 1, 2, 1, ""
2398, 3, 1, 1, 3, 4, 1, 1, 1, 1, ""
2399, 2, 2, 2, 3, 1, 1, 1, 2, 2, ""
2401, 3, 1, 2, 2, 1, 1, 1, 1, 1, ""
2402, 1, 1, 1, 1, 3, 1, 1, 1, 1, ""
2403, 2, 5, 1, 1, 1, 1, 1, 1, 1, ""
2404, 5, 1, 2, 4, 3, 1, 1, 2, 4, ""
2405, 2, 1, 1, 5, 2, 1, 1, 1, 1, ""
2406, 2, 3, 1, 1, 1, 1, 1, 2, 3, ""
2407, 1, 1, 1, 2, 2, 1, 1, 2, 1, ""
2408, 2, 1, 1, 2, 1, 1, 1, 1, 1, ""
2409, 2, 2, 1, 2, 2, 1, 2, 2, 2, ""
2410, 3, 2, 1, 2, 2, 2, 2, 2, 2, ""
2411, 1, 2, 1, 2, 1, 1, 1, 2, 1, ""
2413, 2, 2, 1, 3, 3, 1, 1, 1, 1, ""
2415, 2, 3, 1, 3, 4, 1, 1, 2, 1, ""
2416, 3, 2, 1, 1, 1, 1, 1, 3, 3, ""
2417, 2, 2, 1, 1, 3, 2, 1, 2, 1, ""
2418, 2, 2, 1, 3, 3, 1, 1, 2, 2, ""
2419, 3, 2, 1, 3, 4, 1, 1, 1, 1, ""
2420, 2, 2, 1, 4, 3, 1, 1, 2, 2, ""
2421, 3, 1, 1, 4, 1, 1, 1, 1, 1, ""
2422, 2, 2, 1, 3, 1, 1, 1, 1, 2, ""
2423, 2, 2, 1, 1, 3, 1, 1, 1, 1, ""
2424, 1, 2, 2, 2, 3, 1, 1, 1, 1, ""
2426, 2, 2, 2, 2, 2, 2, 2, 4, 2, ""
2427, 4, 1, 2, 2, 2, 2, 2, 3, 3, ""
2428, 3, 3, 2, 2, 2, 2, 2, 2, 2, ""
2429, 1, 2, 2, 2, 2, 2, 2, 2, 2, ""
2430, 2, 1, 1, 1, 1, 1, 1, 3, 3, ""
2431, 2, 1, 1, 1, 1, 1, 1, 2, 2, ""
2432, 2, 3, 1, 1, 3, 1, 1, 3, 2, ""
2433, 4, 1, 1, 2, 4, 1, 1, 2, 1, ""
2434, 2, 1, 1, 2, 1, 1, 1, 3, 1, ""
2435, 2, 2, 1, 3, 2, 1, 1, 1, 2, ""
2436, 2, 2, 1, 4, 2, 1, 1, 1, 1, ""
2437, 2, 4, 2, 4, 3, 3, 3, 1, 1, ""
2438, 2, 2, 1, 3, 1, 1, 1, 1, 1, ""
2439, 2, 1, 3, 3, 2, 2, 1, 1, 1, ""
2440, 3, 3, 1, 3, 3, 1, 1, 1, 1, ""
2441, 3, 3, 1, 1, 2, 1, 1, 2, 2, ""
2442, 1, 2, 3, 4, 2, 1, 1, 1, 1, ""
2443, 5, 3, 1, 3, 3, 2, 4, 2, 3, ""
2444, 2, 2, 2, 2, 2, 2, 2, 2, 2, ""
2445, 2, 2, 2, 2, 3, 2, 2, 4, 2, ""
2446, 3, 2, 2, 3, 4, 2, 2, 4, 4, ""
2447, 3, 2, 2, 3, 3, 2, 2, 2, 2, ""
2448, 5, 2, 2, 2, 3, 1, 1, 4, 4, ""
2450, 3, 1, 4, 2, 2, 1, 1, 4, 1, ""
2451, 3, 1, 2, 2, 2, 3, 3, 3, 3, ""
2452, 2, 2, 2, 2, 2, 2, 2, 2, 2, ""
2453, 3, 1, 1, 2, 2, 2, 2, 3, 2, ""
2454, 3, 1, 1, 1, 1, 1, 2, 3, 2, ""
2455, 1, 1, 1, 2, 1, 1, 1, 1, 1, ""
2456, 2, 1, 1, 5, 1, 1, 3, 1, 1, ""
2457, 1, 1, 1, 5, 5, 1, 1, 1, 1, ""
2458, 4, 1, 1, 5, 1, 1, 1, 1, 3, ""
2459, 2, 2, 1, 1, 1, 1, 1, 1, 1, ""
2460, 1, 1, 1, 4, 3, 1, 1, 1, 2, ""
2461, 1, 1, 1, 3, 3, 1, 1, 1, 1, ""
2463, 4, 2, 2, 2, 1, 2, 1, 3, 1, ""
2464, 4, 3, 2, 4, 2, 2, 2, 4, 4, ""
2465, 3, 2, 2, 3, 3, 2, 2, 2, 2, ""
2466, 2, 3, 3, 2, 2, 2, 1, 1, 1, ""
2467, 2, 4, 2, 3, 1, 1, 1, 1, 1, ""
2468, 2, 1, 1, 4, 4, 1, 1, 2, 1, ""
2469, 2, 2, 2, 3, 3, 1, 1, 1, 1, ""
2470, 1, 1, 1, 3, 1, 1, 1, 1, 1, ""
2471, 1, 1, 1, 5, 3, 1, 1, 1, 1, ""
2472, 1, 1, 1, 1, 2, 1, 2, 1, 2, ""
2473, 3, 3, 1, 2, 1, 1, 1, 1, 2, ""
2474, 2, 1, 1, 2, 2, 3, 1, 1, 1, ""
2476, 2, 1, 2, 3, 0, 0, 0, 0, 0, ""
2477, 4, 1, 1, 2, 2, 1, 1, 1, 2, ""
2478, 2, 3, 1, 1, 2, 3, 3, 1, 2, ""
2479, 4, 1, 1, 2, 3, 1, 4, 1, 4, ""
2480, 1, 1, 1, 3, 1, 1, 1, 1, 1, ""
2481, 1, 1, 1, 3, 3, 1, 1, 1, 2, ""
2482, 2, 2, 2, 5, 2, 2, 2, 1, 4, ""
2483, 2, 2, 1, 2, 1, 1, 2, 2, 1, ""
2484, 3, 1, 2, 3, 3, 2, 2, 2, 2, ""
2485, 2, 1, 1, 2, 1, 2, 1, 3, 1, ""
2486, 1, 1, 1, 3, 1, 1, 1, 1, 1, ""
2487, 1, 1, 1, 2, 3, 1, 1, 1, 2, ""
2488, 3, 2, 1, 2, 3, 1, 1, 2, 2, ""
2489, 1, 1, 2, 2, 4, 1, 1, 1, 2, ""
2490, 3, 1, 2, 2, 2, 1, 1, 1, 1, ""
2491, 3, 1, 1, 1, 1, 1, 1, 2, 1, ""
2492, 3, 2, 2, 2, 3, 1, 1, 4, 1, ""
2493, 3, 2, 3, 1, 3, 1, 1, 2, 2, ""
2494, 4, 2, 2, 2, 2, 1, 1, 2, 2, ""
2495, 4, 1, 2, 2, 3, 1, 1, 2, 4, ""
2496, 2, 1, 2, 1, 2, 1, 1, 2, 2, ""
2497, 3, 3, 2, 1, 1, 1, 1, 2, 1, ""
2498, 4, 1, 1, 1, 1, 1, 1, 4, 4, ""
2499, 3, 2, 1, 3, 3, 1, 1, 3, 2, ""
2500, 1, 1, 1, 5, 3, 1, 1, 1, 1, ""
2501, 1, 1, 1, 3, 1, 2, 1, 1, 1, ""
2502, 4, 2, 1, 5, 1, 3, 3, 2, 3, ""
2503, 2, 1, 1, 2, 1, 1, 2, 1, 2, ""
2504, 3, 2, 1, 1, 3, 2, 2, 3, 2, ""
2505, 1, 3, 1, 3, 3, 1, 1, 1, 1, ""
2506, 2, 3, 2, 3, 3, 2, 2, 3, 3, ""
2507, 2, 2, 2, 3, 3, 2, 2, 2, 2, ""
2508, 1, 1, 1, 3, 1, 1, 1, 1, 1, ""
2509, 3, 1, 1, 2, 2, 1, 1, 1, 3, ""
2510, 2, 2, 2, 3, 3, 2, 2, 2, 2, ""
2511, 3, 2, 2, 3, 2, 3, 3, 3, 2, ""
2513, 3, 2, 2, 2, 3, 2, 2, 2, 3, ""
2514, 5, 2, 2, 2, 4, 2, 2, 3, 5, ""
2515, 2, 2, 1, 2, 2, 2, 2, 2, 2, ""
2517, 2, 1, 1, 1, 1, 1, 1, 1, 1, ""
2518, 1, 1, 1, 3, 4, 1, 1, 1, 1, ""
2519, 2, 2, 1, 2, 2, 1, 2, 2, 4, ""
2520, 2, 1, 3, 1, 1, 1, 1, 2, 2, ""
2521, 3, 1, 2, 4, 1, 4, 1, 2, 2, ""
2522, 4, 2, 2, 4, 4, 1, 1, 4, 4, ""
2523, 3, 2, 1, 2, 2, 2, 2, 2, 2, ""
2524, 1, 1, 2, 1, 3, 3, 1, 1, 1, ""
2525, 1, 1, 1, 2, 1, 1, 1, 1, 1, ""
2526, 2, 2, 2, 3, 2, 2, 2, 2, 2, ""
2527, 2, 2, 2, 4, 2, 2, 2, 2, 2, ""
2528, 3, 2, 2, 2, 3, 2, 2, 4, 2, ""
2529, 2, 2, 2, 3, 2, 2, 2, 2, 2, ""
2530, 2, 3, 2, 2, 3, 2, 2, 2, 2, ""
2531, 3, 2, 3, 1, 3, 2, 2, 2, 2, ""
2532, 1, 2, 2, 2, 3, 2, 2, 2, 2, ""
2533, 4, 3, 2, 4, 2, 2, 2, 4, 3, ""
2534, 1, 2, 1, 1, 1, 1, 1, 2, 1, ""
2535, 3, 2, 3, 2, 3, 1, 1, 1, 1, ""
2536, 2, 2, 1, 1, 2, 2, 2, 2, 2, ""
2537, 3, 2, 2, 3, 3, 2, 2, 2, 3, ""
2538, 2, 2, 2, 3, 3, 2, 2, 2, 2, ""
2539, 2, 3, 2, 2, 1, 1, 1, 2, 2, ""
2540, 2, 2, 2, 3, 3, 2, 2, 2, 2, ""
2543, 1, 1, 1, 4, 4, 1, 1, 1, 1, ""
2545, 5, 1, 2, 1, 1, 2, 2, 3, 3, ""
2546, 3, 1, 2, 3, 2, 1, 2, 1, 3, ""
2547, 3, 1, 2, 3, 2, 1, 2, 1, 3, ""
2548, 1, 2, 1, 4, 4, 2, 2, 2, 2, ""
2549, 3, 2, 1, 4, 1, 2, 2, 2, 2, ""
2550, 3, 5, 3, 4, 4, 1, 1, 2, 2, ""
2551, 1, 1, 1, 1, 1, 1, 1, 1, 1, ""
2552, 3, 4, 3, 3, 3, 2, 2, 2, 2, ""
2553, 3, 3, 2, 1, 1, 2, 2, 2, 2, ""
2554, 4, 3, 2, 1, 3, 3, 3, 3, 3, ""
2556, 2, 1, 3, 1, 2, 1, 2, 1, 1, ""
2557, 2, 2, 2, 1, 2, 4, 2, 2, 2, ""
2558, 3, 5, 4, 2, 4, 3, 2, 2, 2, ""
2559, 2, 1, 4, 2, 4, 2, 2, 3, 2, ""
2560, 3, 3, 3, 3, 1, 2, 2, 2, 2, ""
2561, 2, 2, 2, 1, 2, 2, 2, 2, 2, ""
2562, 2, 2, 1, 2, 1, 1, 1, 1, 2, ""
2563, 5, 3, 3, 2, 2, 1, 2, 2, 5, ""
2564, 1, 2, 2, 3, 2, 1, 1, 1, 1, ""
2565, 2, 1, 1, 3, 1, 1, 1, 1, 1, ""
2566, 2, 2, 2, 2, 4, 1, 1, 3, 2, ""
2567, 5, 2, 2, 1, 4, 3, 2, 4, 4, ""
2568, 1, 1, 1, 3, 2, 1, 1, 1, 2, ""
2569, 2, 2, 1, 3, 3, 1, 1, 1, 1, ""
2570, 1, 1, 1, 5, 3, 1, 1, 1, 1, ""
2571, 1, 2, 1, 3, 3, 1, 1, 1, 1, ""
2572, 2, 3, 3, 4, 4, 2, 2, 2, 2, ""
2573, 3, 4, 1, 2, 2, 1, 1, 2, 1, ""
2574, 1, 2, 2, 1, 3, 1, 1, 1, 1, ""
2575, 1, 3, 1, 1, 1, 1, 1, 1, 1, ""
2576, 2, 1, 1, 2, 1, 1, 1, 1, 1, ""
2577, 1, 2, 1, 1, 1, 1, 1, 1, 1, ""
2578, 2, 2, 2, 4, 5, 1, 1, 1, 1, ""
2579, 3, 4, 1, 4, 1, 2, 2, 1, 1, ""
2580, 3, 1, 1, 4, 3, 2, 2, 4, 4, ""
2582, 4, 1, 1, 1, 2, 1, 1, 1, 5, ""
2583, 1, 1, 1, 2, 3, 1, 1, 1, 1, ""
2584, 5, 5, 1, 2, 3, 1, 1, 4, 4, ""
2585, 4, 1, 1, 1, 2, 1, 1, 1, 5, "Excessive distracting background noise on B (children talking; appliances running; etc.)"
2586, 1, 3, 1, 5, 4, 2, 2, 1, 1, ""
2587, 2, 2, 4, 4, 4, 3, 3, 2, 2, ""
2588, 4, 1, 1, 1, 2, 2, 2, 3, 3, ""
2589, 1, 2, 1, 3, 4, 2, 1, 2, 1, ""
2591, 4, 1, 1, 4, 1, 1, 1, 1, 3, ""
2592, 2, 2, 1, 5, 1, 1, 1, 1, 2, ""
2593, 2, 1, 4, 3, 1, 1, 2, 1, 2, ""
2594, 4, 1, 1, 1, 3, 1, 1, 4, 4, ""
2595, 4, 1, 2, 1, 4, 2, 4, 2, 1, ""
2596, 2, 1, 3, 2, 2, 1, 1, 2, 2, ""
2597, 2, 2, 1, 3, 1, 1, 1, 1, 1, ""
2598, 1, 1, 1, 1, 1, 1, 1, 2, 1, ""
2599, 2, 2, 2, 2, 2, 2, 2, 2, 2, ""
2600, 2, 2, 1, 2, 2, 1, 1, 3, 3, ""
2602, 1, 1, 2, 2, 2, 1, 1, 1, 1, ""
2603, 2, 1, 1, 1, 3, 1, 1, 1, 3, ""
2604, 2, 1, 1, 1, 2, 2, 1, 2, 1, ""
2605, 1, 1, 1, 5, 1, 1, 1, 1, 2, ""
2606, 2, 1, 1, 5, 1, 1, 4, 1, 3, ""
2608, 1, 1, 1, 2, 1, 2, 2, 1, 1, ""
2609, 1, 1, 2, 1, 1, 1, 1, 1, 1, ""
2610, 3, 2, 1, 4, 3, 1, 1, 1, 3, ""
2611, 1, 1, 1, 3, 2, 1, 1, 1, 1, ""
2612, 1, 1, 1, 1, 3, 1, 1, 1, 1, ""
2613, 1, 1, 2, 1, 1, 1, 1, 1, 1, ""
2614, 1, 3, 1, 3, 1, 1, 1, 1, 1, ""
2615, 2, 1, 1, 3, 3, 3, 1, 1, 1, ""
2616, 2, 1, 2, 4, 2, 1, 1, 1, 1, ""
2617, 1, 1, 1, 2, 3, 2, 1, 1, 1, ""
2618, 1, 3, 1, 3, 3, 1, 2, 1, 1, ""
2619, 2, 1, 1, 1, 2, 1, 1, 1, 1, ""
2620, 1, 1, 1, 2, 3, 1, 1, 1, 1, ""
2621, 2, 1, 2, 3, 1, 1, 1, 3, 1, ""
2622, 1, 1, 3, 2, 1, 1, 1, 1, 1, ""
2623, 2, 2, 2, 1, 1, 1, 1, 2, 2, ""
2624, 2, 2, 2, 1, 1, 1, 1, 1, 1, ""
2625, 3, 2, 2, 3, 1, 2, 3, 2, 2, ""
2626, 4, 2, 3, 3, 2, 2, 4, 2, 2, ""
2627, 2, 2, 2, 2, 1, 1, 1, 2, 2, ""
2628, 1, 1, 2, 3, 3, 1, 1, 1, 1, ""
2629, 2, 1, 1, 3, 2, 2, 2, 2, 2, ""
2630, 4, 1, 1, 3, 1, 1, 1, 1, 1, ""
2631, 2, 2, 2, 4, 3, 2, 2, 2, 2, ""
2632, 2, 3, 4, 2, 2, 2, 2, 3, 3, ""
2633, 2, 1, 1, 3, 3, 3, 3, 2, 2, ""
2634, 2, 2, 1, 2, 2, 2, 2, 2, 2, ""
2635, 1, 2, 1, 1, 2, 4, 1, 1, 1, ""
2636, 1, 1, 3, 3, 2, 1, 3, 1, 1, ""
2637, 2, 1, 1, 1, 3, 1, 1, 1, 1, ""
2638, 3, 1, 1, 3, 1, 1, 1, 2, 1, ""
2640, 3, 2, 2, 2, 3, 3, 2, 3, 2, ""
2641, 3, 2, 2, 2, 2, 2, 2, 3, 3, ""
2642, 2, 2, 2, 3, 2, 2, 2, 4, 2, ""
2643, 2, 3, 3, 2, 2, 3, 3, 2, 2, ""
2644, 2, 2, 2, 2, 2, 2, 2, 3, 2, ""
2645, 2, 5, 3, 3, 3, 2, 2, 2, 2, ""
2646, 2, 2, 2, 3, 2, 2, 3, 2, 3, ""
2647, 2, 2, 2, 3, 3, 3, 3, 2, 2, ""
2648, 3, 2, 2, 3, 3, 3, 3, 3, 2, ""
2649, 2, 2, 2, 1, 1, 3, 3, 2, 2, ""
2650, 2, 1, 1, 2, 2, 1, 1, 2, 2, ""
2651, 3, 4, 3, 2, 2, 2, 2, 2, 2, ""
2652, 2, 4, 2, 3, 2, 1, 1, 2, 2, ""
2653, 2, 1, 2, 3, 3, 1, 1, 2, 2, ""
2654, 3, 2, 1, 2, 1, 1, 1, 1, 1, "Speakers talk over each other a lot"
2656, 2, 1, 1, 3, 3, 2, 3, 2, 2, ""
2657, 2, 3, 2, 2, 3, 2, 2, 2, 2, ""
2658, 2, 3, 2, 2, 3, 2, 2, 3, 2, ""
2659, 2, 1, 1, 2, 4, 1, 1, 1, 1, ""
2661, 2, 3, 1, 2, 3, 1, 1, 1, 1, ""
2662, 3, 2, 2, 2, 1, 1, 1, 1, 4, ""
2663, 2, 2, 2, 2, 3, 1, 1, 1, 2, ""
2664, 1, 2, 1, 1, 1, 1, 1, 1, 1, ""
2665, 2, 4, 2, 4, 1, 1, 1, 3, 1, ""
2666, 4, 1, 1, 2, 4, 1, 1, 1, 1, ""
2667, 1, 1, 1, 3, 2, 2, 2, 1, 1, ""
2668, 2, 3, 1, 3, 3, 1, 1, 1, 1, ""
2669, 2, 1, 2, 5, 4, 1, 1, 1, 1, ""
2670, 2, 2, 2, 3, 2, 1, 1, 1, 1, ""
2671, 2, 1, 1, 1, 4, 1, 2, 2, 1, ""
2672, 1, 1, 1, 2, 2, 1, 1, 1, 1, ""
2673, 3, 1, 1, 4, 5, 1, 3, 3, 1, ""
2674, 5, 1, 1, 1, 5, 5, 3, 1, 1, ""
2675, 1, 3, 1, 1, 3, 1, 1, 1, 1, ""
2676, 3, 3, 3, 1, 3, 1, 1, 1, 1, ""
2678, 1, 3, 2, 1, 2, 2, 2, 1, 2, ""
2679, 3, 2, 1, 3, 2, 2, 1, 1, 1, ""
2680, 2, 1, 2, 4, 3, 1, 1, 2, 2, ""
2681, 1, 2, 2, 1, 1, 1, 1, 1, 1, ""
2682, 2, 1, 1, 1, 1, 1, 1, 1, 1, ""
2684, 1, 1, 1, 5, 4, 1, 1, 1, 1, ""
2685, 3, 4, 1, 1, 3, 3, 4, 2, 2, ""
2686, 2, 4, 1, 2, 2, 2, 2, 1, 1, ""
2687, 1, 2, 1, 3, 2, 2, 2, 1, 1, ""
2688, 1, 1, 1, 2, 3, 3, 2, 1, 1, ""
2689, 1, 1, 2, 1, 3, 2, 1, 3, 1, ""
2690, 1, 3, 1, 1, 1, 1, 1, 1, 1, ""
2691, 2, 1, 1, 1, 3, 3, 1, 2, 1, ""
2692, 4, 1, 1, 2, 2, 2, 2, 2, 2, ""
2693, 3, 1, 1, 1, 3, 1, 1, 1, 2, ""
2694, 1, 1, 2, 2, 3, 1, 1, 1, 1, ""
2695, 2, 2, 2, 4, 1, 1, 2, 1, 2, ""
2696, 2, 2, 1, 3, 1, 3, 3, 2, 1, ""
2697, 1, 1, 1, 3, 1, 1, 1, 1, 2, ""
2698, 2, 1, 1, 2, 1, 1, 1, 2, 3, ""
2699, 1, 1, 2, 2, 2, 1, 1, 1, 1, ""
2700, 2, 1, 1, 1, 2, 1, 1, 2, 2, ""
2701, 3, 1, 1, 1, 1, 2, 2, 2, 2, ""
2702, 1, 1, 1, 3, 1, 1, 2, 1, 3, ""
2703, 2, 3, 1, 1, 4, 2, 1, 1, 1, ""
2704, 2, 1, 1, 2, 3, 3, 2, 1, 3, ""
2705, 2, 1, 1, 2, 4, 1, 1, 3, 1, ""
2706, 1, 1, 1, 1, 1, 1, 1, 2, 1, ""
2707, 2, 3, 1, 2, 1, 1, 1, 1, 1, ""
2708, 2, 1, 2, 1, 3, 1, 1, 1, 2, ""
2709, 1, 2, 2, 1, 2, 1, 1, 1, 1, ""
2710, 2, 1, 1, 4, 4, 3, 3, 1, 1, ""
2711, 1, 1, 1, 1, 1, 1, 1, 1, 1, ""
2712, 5, 2, 1, 2, 2, 2, 2, 2, 2, ""
2713, 3, 3, 2, 3, 3, 2, 2, 2, 2, ""
2714, 2, 3, 2, 2, 2, 2, 3, 2, 3, ""
2715, 2, 1, 2, 2, 2, 2, 2, 2, 2, ""
2716, 2, 2, 2, 2, 2, 2, 2, 2, 2, ""
2717, 1, 1, 1, 1, 3, 1, 2, 1, 1, ""
2718, 1, 1, 1, 3, 3, 1, 1, 1, 1, ""
2719, 2, 3, 1, 2, 2, 2, 2, 2, 2, ""
2720, 2, 1, 1, 1, 1, 1, 1, 0, 0, ""
2721, 4, 2, 3, 2, 1, 5, 5, 4, 4, ""
2722, 2, 2, 3, 1, 3, 1, 1, 1, 1, ""
2723, 2, 2, 4, 2, 3, 1, 1, 3, 3, ""
2724, 2, 2, 2, 1, 2, 1, 1, 2, 2, ""
2725, 3, 2, 2, 3, 1, 1, 2, 2, 4, ""
2726, 1, 1, 1, 3, 4, 1, 1, 1, 1, ""
2727, 1, 3, 1, 1, 1, 2, 2, 2, 2, ""
2728, 3, 1, 1, 1, 2, 1, 1, 2, 3, ""
2729, 1, 2, 2, 2, 3, 1, 1, 1, 1, ""
2730, 1, 1, 1, 3, 1, 3, 3, 1, 1, ""
2731, 2, 2, 2, 3, 1, 2, 2, 1, 1, ""
2732, 3, 3, 3, 3, 1, 2, 2, 2, 3, ""
2733, 2, 1, 2, 2, 2, 1, 1, 1, 1, ""
2734, 2, 4, 3, 1, 4, 2, 2, 2, 2, ""
2735, 2, 4, 3, 1, 1, 2, 3, 2, 2, ""
2736, 2, 3, 2, 1, 4, 2, 2, 2, 1, ""
2737, 1, 1, 1, 3, 1, 1, 1, 1, 1, ""
2738, 1, 2, 2, 1, 3, 1, 4, 1, 1, ""
2739, 1, 1, 1, 3, 1, 1, 3, 3, 1, ""
2740, 1, 1, 1, 1, 4, 1, 1, 0, 0, ""
2741, 1, 3, 2, 4, 4, 1, 1, 1, 1, ""
2742, 2, 2, 3, 1, 5, 2, 3, 1, 3, ""
2743, 1, 1, 1, 1, 2, 1, 1, 1, 1, ""
2744, 2, 2, 2, 3, 3, 1, 1, 2, 2, ""
2746, 2, 3, 2, 3, 3, 2, 2, 2, 2, ""
2747, 3, 3, 3, 1, 3, 2, 2, 2, 2, ""
2748, 2, 2, 2, 1, 1, 2, 2, 2, 2, ""
2749, 1, 2, 2, 1, 1, 2, 2, 2, 2, ""
2750, 1, 2, 1, 2, 2, 2, 3, 2, 2, ""
2751, 1, 1, 2, 3, 1, 3, 1, 1, 1, ""
2752, 2, 2, 2, 3, 1, 1, 1, 1, 1, ""
2753, 3, 3, 2, 1, 3, 2, 2, 2, 2, ""
2754, 1, 3, 2, 1, 1, 2, 1, 2, 3, ""
2755, 1, 1, 1, 2, 2, 1, 1, 2, 2, ""
2756, 2, 1, 1, 1, 2, 1, 1, 1, 1, ""
2757, 4, 1, 1, 2, 2, 1, 1, 2, 2, ""
2758, 2, 1, 1, 2, 2, 1, 1, 1, 1, ""
2759, 2, 1, 3, 4, 4, 2, 2, 2, 2, ""
2760, 2, 2, 2, 4, 2, 2, 2, 2, 2, ""
2761, 1, 2, 1, 1, 3, 1, 1, 1, 1, ""
2762, 2, 2, 2, 1, 2, 1, 1, 1, 2, ""
2763, 2, 2, 2, 2, 4, 3, 3, 2, 2, ""
2764, 3, 4, 1, 4, 1, 2, 2, 1, 1, ""
2765, 1, 1, 1, 2, 2, 1, 1, 1, 1, ""
2766, 1, 1, 1, 1, 1, 1, 1, 1, 1, ""
2767, 2, 2, 2, 2, 2, 2, 2, 2, 2, ""
2768, 1, 1, 1, 2, 1, 1, 1, 1, 1, ""
2769, 1, 1, 3, 3, 3, 1, 1, 1, 1, ""
2770, 2, 1, 2, 3, 3, 1, 1, 1, 1, ""
2771, 1, 1, 1, 1, 1, 1, 1, 1, 1, ""
2772, 1, 1, 1, 3, 3, 1, 1, 1, 1, ""
2773, 3, 1, 1, 1, 1, 4, 1, 1, 1, ""
2774, 1, 1, 1, 2, 2, 1, 1, 1, 1, ""
2775, 1, 3, 1, 2, 2, 1, 1, 1, 1, ""
2776, 1, 1, 1, 1, 2, 1, 1, 1, 1, ""
2777, 2, 3, 2, 3, 3, 2, 2, 2, 2, ""
2778, 2, 2, 2, 2, 3, 2, 2, 2, 2, ""
2779, 2, 2, 2, 2, 2, 2, 2, 2, 3, ""
2780, 4, 3, 3, 2, 3, 4, 3, 2, 2, ""
2781, 3, 3, 2, 2, 3, 3, 3, 3, 2, ""
2782, 2, 2, 2, 2, 3, 2, 2, 2, 2, ""
2783, 2, 1, 1, 1, 1, 2, 1, 1, 1, ""
2784, 2, 1, 1, 1, 3, 2, 1, 1, 1, ""
2785, 2, 2, 2, 2, 2, 2, 2, 2, 2, ""
2786, 2, 2, 2, 2, 3, 2, 2, 2, 2, ""
2787, 2, 3, 2, 3, 3, 2, 2, 2, 2, ""
2788, 3, 3, 2, 3, 3, 3, 3, 2, 2, ""
2789, 3, 2, 2, 2, 2, 3, 3, 2, 2, ""
2790, 2, 3, 3, 3, 3, 3, 3, 2, 2, ""
2791, 4, 3, 3, 3, 3, 3, 3, 3, 2, ""
2792, 2, 3, 2, 2, 2, 2, 2, 2, 2, ""
2793, 2, 2, 2, 3, 3, 2, 2, 2, 2, ""
2794, 3, 2, 3, 3, 2, 2, 2, 3, 4, ""
2795, 2, 2, 2, 3, 3, 3, 3, 2, 2, ""
2796, 2, 2, 2, 2, 2, 2, 2, 2, 2, ""
2797, 2, 2, 1, 2, 3, 1, 1, 1, 2, ""
2798, 3, 2, 1, 3, 2, 1, 1, 3, 1, ""
2799, 2, 2, 2, 3, 3, 2, 2, 2, 2, ""
2800, 2, 2, 2, 3, 3, 2, 2, 2, 3, ""
2801, 2, 2, 2, 3, 1, 2, 2, 1, 1, ""
2802, 3, 1, 3, 3, 1, 1, 1, 4, 4, ""
2803, 3, 3, 1, 3, 1, 1, 1, 3, 3, ""
2804, 3, 1, 1, 3, 2, 1, 2, 2, 1, ""
2805, 1, 1, 1, 3, 3, 1, 1, 1, 1, ""
2806, 2, 1, 1, 3, 3, 1, 1, 1, 1, ""
2807, 3, 2, 2, 3, 3, 3, 3, 2, 2, ""
2808, 2, 2, 2, 3, 2, 2, 3, 2, 3, ""
2809, 1, 2, 2, 3, 2, 1, 1, 1, 1, ""
2810, 1, 1, 1, 3, 3, 1, 1, 1, 2, ""
2811, 2, 1, 1, 3, 1, 1, 1, 1, 1, ""
2812, 3, 2, 1, 3, 4, 1, 1, 2, 1, ""
2813, 1, 2, 2, 1, 1, 2, 2, 1, 2, ""
2814, 2, 1, 1, 4, 3, 1, 1, 1, 1, ""
2815, 3, 3, 1, 1, 4, 1, 1, 2, 3, ""
2816, 4, 2, 2, 2, 3, 1, 1, 2, 2, ""
2817, 3, 1, 1, 2, 3, 1, 1, 1, 1, ""
2818, 3, 3, 1, 2, 2, 3, 3, 1, 1, ""
2819, 3, 3, 1, 2, 3, 1, 1, 1, 1, ""
2820, 2, 2, 1, 2, 1, 1, 1, 1, 2, ""
2821, 5, 2, 3, 4, 4, 2, 2, 2, 2, ""
2822, 2, 2, 2, 3, 3, 2, 2, 2, 2, ""
2823, 1, 1, 2, 3, 3, 1, 1, 1, 1, ""
2824, 1, 2, 1, 2, 3, 1, 1, 1, 2, ""
2825, 3, 2, 2, 2, 2, 2, 2, 3, 3, ""
2826, 2, 2, 2, 3, 2, 2, 2, 2, 2, ""
2827, 4, 2, 2, 2, 2, 2, 2, 2, 2, ""
2828, 1, 1, 1, 1, 3, 2, 1, 1, 2, ""
2829, 3, 2, 2, 2, 2, 2, 2, 2, 2, ""
2830, 2, 2, 2, 2, 2, 2, 2, 2, 2, ""
2831, 3, 2, 1, 3, 1, 1, 1, 1, 2, ""
2832, 2, 2, 1, 3, 1, 1, 1, 1, 1, ""
2833, 1, 1, 2, 1, 2, 1, 2, 1, 1, ""
2834, 1, 3, 1, 1, 2, 1, 1, 1, 1, ""
2835, 2, 4, 2, 1, 3, 1, 1, 2, 2, ""
2836, 2, 2, 1, 3, 1, 2, 3, 2, 2, ""
2837, 3, 3, 1, 1, 3, 1, 1, 2, 2, ""
2838, 1, 1, 2, 3, 1, 1, 1, 2, 2, ""
2839, 2, 1, 1, 1, 2, 1, 1, 3, 1, ""
2840, 1, 1, 1, 1, 1, 1, 1, 2, 1, ""
2841, 2, 1, 1, 3, 1, 1, 1, 0, 0, ""
2842, 1, 1, 2, 1, 2, 1, 1, 1, 1, ""
2843, 1, 1, 1, 1, 1, 1, 1, 1, 1, ""
2844, 1, 1, 1, 1, 1, 1, 1, 1, 1, ""
2845, 2, 1, 1, 3, 3, 1, 1, 1, 2, ""
2846, 2, 1, 2, 1, 3, 1, 1, 1, 1, ""
2847, 4, 2, 2, 1, 4, 1, 1, 4, 4, ""
2848, 2, 1, 4, 1, 2, 1, 1, 2, 2, ""
2849, 2, 2, 2, 4, 3, 1, 1, 1, 1, ""
2850, 2, 2, 1, 3, 3, 1, 2, 1, 1, ""
2851, 3, 4, 2, 2, 3, 2, 2, 1, 4, ""
2852, 3, 2, 2, 4, 2, 1, 3, 2, 4, ""
2853, 2, 1, 1, 2, 1, 1, 1, 1, 1, ""
2854, 1, 2, 1, 2, 1, 1, 1, 1, 1, ""
2855, 2, 4, 1, 3, 3, 1, 1, 2, 2, ""
2856, 1, 4, 3, 3, 3, 1, 1, 1, 1, ""
2858, 2, 1, 3, 3, 4, 1, 1, 1, 2, ""
2859, 2, 1, 2, 4, 2, 2, 1, 3, 1, ""
2860, 2, 1, 1, 1, 1, 2, 2, 2, 1, ""
2861, 2, 5, 2, 2, 2, 1, 1, 3, 1, ""
2862, 1, 1, 2, 2, 3, 1, 1, 1, 1, ""
2863, 2, 1, 1, 3, 3, 1, 1, 1, 1, ""
2864, 2, 1, 2, 1, 2, 1, 1, 2, 2, ""
2865, 1, 1, 1, 1, 3, 1, 1, 1, 1, ""
2866, 2, 3, 1, 1, 2, 1, 1, 1, 1, ""
2867, 2, 3, 2, 5, 2, 1, 1, 1, 1, ""
2868, 2, 2, 1, 3, 2, 2, 2, 2, 4, ""
2869, 1, 1, 1, 3, 3, 1, 1, 1, 1, ""
2870, 2, 3, 2, 3, 2, 3, 1, 1, 1, ""
2871, 2, 1, 3, 2, 1, 1, 1, 1, 1, ""
2872, 2, 3, 1, 3, 3, 3, 1, 1, 1, ""
2873, 1, 2, 5, 3, 1, 1, 1, 1, 1, ""
2874, 3, 1, 2, 2, 1, 3, 2, 2, 3, ""
2875, 4, 1, 1, 3, 2, 1, 1, 2, 2, ""
2876, 2, 1, 1, 3, 1, 1, 1, 1, 1, ""
2877, 1, 1, 1, 1, 1, 1, 1, 1, 1, ""
2878, 2, 1, 1, 1, 1, 2, 1, 1, 1, ""
2879, 4, 4, 1, 4, 1, 1, 1, 1, 1, ""
2882, 1, 2, 2, 1, 3, 1, 1, 1, 1, ""
2883, 1, 1, 1, 2, 2, 1, 1, 1, 1, ""
2884, 1, 4, 1, 1, 1, 1, 1, 1, 1, ""
2885, 1, 1, 1, 1, 1, 1, 1, 1, 1, ""
2886, 1, 2, 1, 1, 1, 1, 1, 1, 1, ""
2887, 3, 2, 3, 5, 1, 1, 1, 1, 1, ""
2888, 2, 2, 2, 5, 5, 1, 1, 1, 1, ""
2889, 1, 1, 4, 1, 2, 1, 1, 4, 1, ""
2890, 1, 1, 1, 1, 1, 1, 1, 2, 1, ""
2891, 2, 1, 1, 1, 2, 1, 1, 1, 2, ""
2892, 3, 2, 1, 3, 1, 1, 1, 1, 3, ""
2893, 1, 2, 3, 3, 3, 1, 2, 1, 1, ""
2894, 3, 2, 1, 3, 3, 1, 1, 1, 1, ""
2895, 1, 1, 1, 1, 1, 1, 1, 1, 1, ""
2896, 1, 2, 1, 1, 3, 1, 1, 1, 2, ""
2897, 1, 1, 3, 2, 1, 1, 1, 5, 1, ""
2898, 1, 2, 1, 2, 2, 1, 1, 1, 1, ""
2899, 1, 1, 1, 3, 2, 1, 1, 1, 1, ""
2900, 1, 1, 1, 1, 2, 1, 1, 1, 1, ""
2901, 2, 2, 1, 2, 2, 1, 2, 1, 1, ""
2909, 2, 1, 2, 2, 2, 1, 1, 1, 1, ""
2910, 3, 1, 1, 1, 1, 1, 1, 1, 1, ""
2911, 2, 2, 1, 1, 2, 1, 1, 1, 1, ""
2912, 1, 2, 1, 3, 1, 1, 1, 1, 1, ""
2913, 2, 2, 1, 3, 1, 2, 3, 2, 1, ""
2914, 1, 2, 1, 4, 2, 1, 1, 1, 1, ""
2915, 1, 1, 1, 2, 3, 1, 1, 1, 1, ""
2916, 3, 1, 1, 1, 3, 2, 1, 2, 1, ""
2917, 2, 1, 1, 1, 3, 1, 1, 1, 1, ""
2918, 1, 1, 1, 1, 2, 1, 1, 1, 1, ""
2919, 1, 1, 1, 1, 1, 1, 1, 1, 1, ""
2920, 2, 1, 1, 1, 1, 1, 2, 1, 1, ""
2921, 2, 1, 1, 3, 1, 1, 4, 1, 1, ""
2922, 2, 1, 1, 3, 1, 1, 2, 1, 1, ""
2923, 1, 1, 1, 2, 1, 1, 2, 1, 1, ""
2924, 3, 1, 1, 2, 3, 1, 1, 3, 3, ""
2925, 2, 3, 1, 4, 3, 1, 1, 1, 2, ""
2926, 2, 3, 1, 1, 1, 1, 1, 1, 1, ""
2927, 1, 1, 1, 2, 2, 1, 1, 1, 1, ""
2928, 1, 1, 1, 4, 1, 1, 1, 1, 1, ""
2929, 2, 3, 1, 1, 1, 1, 1, 1, 1, ""
2930, 1, 1, 1, 3, 1, 1, 1, 1, 1, ""
2931, 1, 1, 1, 3, 2, 1, 1, 1, 1, ""
2932, 1, 1, 3, 3, 3, 1, 1, 1, 2, ""
2933, 1, 2, 2, 3, 3, 1, 1, 1, 1, ""
2934, 1, 1, 1, 4, 1, 1, 1, 1, 1, ""
2935, 1, 1, 1, 1, 4, 1, 1, 1, 2, ""
2936, 2, 1, 1, 1, 3, 1, 2, 1, 1, ""
2937, 2, 2, 1, 1, 1, 2, 1, 3, 2, ""
2938, 2, 3, 1, 3, 1, 1, 1, 1, 1, ""
2939, 2, 1, 1, 3, 3, 1, 1, 1, 1, ""
2940, 1, 1, 1, 3, 1, 1, 1, 1, 1, ""
2941, 3, 2, 1, 1, 1, 1, 1, 1, 1, ""
2942, 2, 1, 1, 1, 2, 1, 2, 1, 1, ""
2943, 3, 1, 1, 1, 2, 1, 1, 2, 1, ""
2944, 3, 2, 1, 1, 3, 1, 1, 1, 1, ""
2945, 2, 3, 2, 1, 3, 2, 1, 1, 1, ""
2950, 1, 2, 1, 1, 3, 2, 2, 1, 1, ""
2951, 2, 1, 1, 4, 1, 1, 1, 1, 2, ""
2952, 1, 1, 1, 4, 3, 1, 1, 1, 1, ""
2953, 2, 2, 1, 3, 3, 4, 2, 3, 1, ""
2954, 2, 3, 1, 3, 1, 1, 2, 4, 1, ""
2955, 2, 1, 1, 4, 1, 1, 1, 1, 2, ""
2956, 2, 1, 1, 1, 3, 1, 1, 2, 2, ""
2957, 1, 2, 4, 1, 5, 1, 1, 1, 1, ""
2958, 1, 1, 1, 1, 1, 1, 1, 1, 1, ""
2959, 1, 1, 1, 4, 1, 1, 1, 3, 1, ""
2960, 1, 2, 1, 4, 2, 1, 1, 1, 2, ""
2961, 2, 1, 1, 1, 4, 3, 1, 2, 1, ""
2962, 1, 1, 1, 1, 1, 1, 1, 1, 1, ""
2963, 2, 1, 1, 3, 2, 1, 1, 3, 1, ""
2964, 1, 1, 1, 2, 1, 1, 1, 1, 1, ""
2965, 1, 3, 3, 4, 2, 2, 1, 1, 3, ""
2966, 2, 2, 2, 3, 3, 1, 1, 1, 1, ""
2967, 2, 1, 1, 4, 1, 1, 2, 1, 1, ""
2968, 3, 3, 3, 3, 2, 1, 1, 4, 1, ""
2969, 2, 1, 1, 3, 2, 2, 2, 2, 1, ""
2970, 5, 2, 1, 2, 1, 1, 3, 1, 1, ""
2973, 1, 1, 2, 2, 1, 1, 1, 1, 1, ""
2978, 1, 1, 1, 2, 1, 1, 1, 1, 1, ""
2979, 2, 1, 1, 1, 2, 1, 1, 1, 1, ""
2980, 1, 2, 3, 1, 1, 1, 1, 1, 1, ""
2981, 1, 1, 1, 3, 2, 1, 1, 1, 1, ""
2982, 2, 4, 1, 1, 1, 1, 1, 1, 1, ""
2983, 1, 1, 1, 3, 1, 1, 1, 1, 1, ""
2984, 2, 1, 2, 2, 1, 1, 1, 1, 1, ""
2985, 1, 1, 1, 1, 1, 2, 2, 2, 1, ""
2986, 1, 1, 1, 3, 2, 1, 1, 1, 1, ""
2987, 2, 1, 1, 3, 2, 1, 1, 1, 1, ""
2988, 2, 1, 1, 2, 1, 1, 1, 0, 0, ""
2989, 2, 2, 1, 3, 1, 1, 1, 1, 1, ""
2990, 3, 2, 1, 3, 2, 1, 1, 1, 1, ""
2991, 2, 1, 2, 1, 3, 1, 1, 1, 1, ""
2992, 1, 1, 1, 2, 2, 1, 1, 1, 1, ""
2993, 1, 1, 1, 1, 2, 1, 1, 1, 1, ""
2994, 1, 1, 2, 3, 3, 1, 1, 1, 3, ""
2995, 1, 2, 2, 3, 3, 1, 1, 2, 2, ""
2996, 1, 3, 1, 4, 3, 2, 2, 1, 2, ""
2997, 1, 1, 1, 1, 1, 2, 1, 1, 1, ""
2998, 2, 2, 2, 1, 1, 1, 1, 1, 1, ""
2999, 2, 1, 1, 4, 1, 1, 1, 1, 2, ""
3000, 1, 1, 1, 3, 1, 1, 1, 1, 1, ""
3001, 1, 1, 2, 1, 1, 2, 1, 1, 1, ""
3002, 1, 1, 1, 4, 3, 1, 1, 1, 1, ""
3003, 1, 3, 1, 3, 3, 1, 1, 1, 1, ""
3004, 2, 1, 1, 1, 3, 2, 2, 2, 2, ""
3005, 4, 3, 2, 1, 1, 2, 1, 1, 1, ""
3006, 1, 1, 1, 3, 1, 1, 1, 1, 1, ""
3007, 2, 2, 1, 2, 2, 1, 1, 1, 1, ""
3008, 2, 2, 1, 1, 2, 1, 1, 1, 1, ""
3009, 1, 1, 1, 1, 2, 1, 1, 1, 1, ""
3010, 1, 2, 1, 2, 2, 1, 1, 1, 1, ""
3011, 2, 2, 1, 3, 1, 1, 1, 1, 1, ""
3012, 3, 2, 2, 4, 3, 1, 1, 1, 2, ""
3013, 2, 1, 1, 3, 3, 1, 3, 1, 1, ""
3014, 1, 1, 1, 3, 1, 1, 1, 1, 1, ""
3015, 3, 1, 2, 2, 1, 1, 1, 1, 1, ""
3016, 2, 2, 1, 2, 1, 1, 2, 1, 1, ""
3017, 2, 2, 1, 3, 3, 1, 2, 1, 1, ""
3018, 1, 1, 2, 4, 1, 1, 1, 1, 2, ""
3019, 4, 1, 1, 5, 1, 1, 1, 1, 2, ""
3020, 1, 1, 1, 1, 3, 1, 1, 1, 1, ""
3021, 1, 1, 1, 3, 3, 1, 2, 1, 3, ""
3022, 3, 1, 1, 1, 1, 1, 1, 1, 1, ""
3023, 4, 1, 1, 1, 5, 1, 1, 1, 1, ""
3024, 1, 1, 1, 1, 1, 1, 2, 2, 1, ""
3025, 3, 1, 1, 5, 5, 1, 1, 5, 1, ""
3026, 2, 1, 1, 4, 4, 1, 1, 1, 1, ""
3027, 2, 1, 1, 1, 1, 1, 2, 1, 3, ""
3028, 1, 3, 1, 2, 2, 1, 1, 1, 1, ""
3029, 1, 1, 1, 2, 1, 1, 2, 1, 2, ""
3030, 1, 1, 1, 2, 1, 2, 1, 1, 2, ""
3031, 1, 2, 1, 3, 3, 1, 1, 1, 1, ""
3032, 2, 2, 1, 1, 2, 1, 2, 1, 1, ""
3033, 1, 1, 1, 2, 2, 1, 1, 1, 1, ""
3034, 2, 2, 1, 2, 1, 1, 1, 2, 1, ""
3035, 2, 2, 1, 2, 1, 1, 1, 1, 1, ""
3036, 2, 1, 3, 3, 3, 1, 1, 1, 3, ""
3037, 3, 2, 3, 2, 2, 1, 1, 2, 1, ""
3038, 2, 2, 2, 3, 2, 2, 2, 2, 2, ""
3039, 2, 2, 2, 3, 2, 1, 1, 3, 3, ""
3040, 2, 2, 2, 2, 1, 1, 1, 1, 1, ""
3041, 2, 1, 1, 2, 2, 1, 1, 1, 1, ""
3042, 1, 1, 1, 1, 2, 1, 1, 1, 1, ""
3043, 2, 1, 1, 2, 2, 1, 1, 2, 2, ""
3044, 1, 1, 1, 1, 2, 2, 2, 1, 1, ""
3045, 1, 1, 1, 2, 2, 2, 2, 1, 2, ""
3046, 3, 1, 1, 1, 4, 1, 1, 1, 1, ""
3047, 3, 2, 2, 5, 1, 1, 1, 1, 1, ""
3048, 2, 1, 1, 4, 1, 1, 2, 1, 4, ""
3049, 3, 1, 1, 4, 5, 1, 1, 1, 1, ""
3050, 3, 2, 2, 1, 5, 2, 1, 1, 1, ""
3051, 3, 1, 1, 5, 5, 1, 1, 1, 4, ""
3052, 2, 1, 1, 5, 5, 1, 1, 1, 4, ""
3053, 4, 1, 1, 5, 5, 1, 1, 1, 2, ""
3054, 1, 1, 1, 2, 5, 1, 1, 1, 1, ""
3055, 2, 1, 1, 4, 1, 1, 1, 1, 1, ""
3056, 2, 1, 1, 5, 1, 1, 1, 2, 2, ""
3057, 4, 1, 1, 1, 1, 1, 1, 1, 1, ""
3058, 2, 1, 1, 3, 1, 2, 2, 2, 2, ""
3059, 1, 1, 2, 1, 2, 3, 2, 1, 1, ""
3060, 3, 1, 1, 3, 3, 2, 3, 2, 2, ""
3061, 2, 1, 1, 1, 3, 4, 2, 2, 2, ""
3062, 2, 1, 1, 3, 2, 2, 3, 3, 2, ""
3063, 4, 2, 2, 2, 2, 1, 1, 1, 3, ""
3064, 1, 1, 1, 2, 3, 1, 1, 1, 1, ""
3065, 3, 3, 1, 1, 2, 1, 1, 3, 2, ""
3066, 2, 1, 1, 5, 5, 1, 1, 1, 2, ""
3067, 3, 1, 1, 5, 1, 1, 2, 1, 5, ""
3068, 2, 2, 1, 1, 1, 1, 1, 1, 2, ""
3069, 3, 3, 1, 3, 3, 1, 1, 1, 1, ""
3070, 3, 1, 1, 4, 1, 3, 4, 2, 2, ""
3071, 2, 1, 2, 3, 4, 2, 2, 2, 3, ""
3072, 2, 1, 1, 3, 3, 2, 2, 1, 1, ""
3073, 2, 1, 1, 3, 3, 1, 3, 2, 1, ""
3074, 2, 1, 1, 3, 3, 1, 1, 1, 3, ""
3075, 1, 1, 1, 3, 3, 2, 2, 1, 1, ""
3076, 2, 2, 1, 1, 1, 1, 1, 1, 1, ""
3077, 2, 1, 1, 2, 1, 1, 1, 1, 1, ""
3078, 2, 1, 1, 4, 3, 1, 1, 1, 1, ""
3079, 2, 1, 1, 1, 2, 1, 1, 1, 1, ""
3080, 2, 1, 1, 5, 1, 1, 1, 1, 1, ""
3081, 1, 1, 1, 3, 2, 1, 1, 1, 1, ""
3082, 1, 1, 1, 3, 3, 1, 1, 1, 1, ""
3083, 2, 1, 1, 2, 1, 1, 1, 1, 1, ""
3084, 1, 1, 1, 2, 2, 1, 1, 1, 1, ""
3085, 1, 1, 1, 3, 1, 1, 1, 1, 1, ""
3086, 2, 1, 1, 1, 2, 1, 1, 1, 1, ""
3087, 1, 1, 1, 1, 2, 1, 1, 1, 1, ""
3088, 1, 1, 1, 2, 1, 1, 1, 1, 1, ""
3089, 3, 1, 1, 3, 3, 1, 1, 1, 1, ""
3090, 2, 1, 1, 4, 5, 1, 1, 1, 2, ""
3091, 2, 1, 1, 5, 5, 1, 1, 1, 1, ""
3092, 2, 2, 1, 4, 4, 1, 1, 1, 5, ""
3093, 1, 1, 1, 4, 2, 1, 1, 2, 1, ""
3094, 3, 1, 1, 1, 1, 1, 1, 1, 1, ""
3095, 2, 1, 1, 2, 2, 2, 3, 2, 2, ""
3096, 4, 3, 1, 5, 5, 1, 1, 1, 3, ""
3097, 3, 3, 1, 5, 1, 1, 1, 1, 1, ""
3098, 2, 1, 1, 5, 1, 1, 1, 2, 5, ""
3099, 4, 3, 1, 1, 5, 1, 1, 3, 3, ""
3100, 2, 2, 1, 5, 5, 1, 1, 1, 2, ""
3101, 3, 1, 1, 5, 5, 1, 1, 1, 5, ""
3102, 3, 3, 2, 1, 3, 1, 1, 1, 1, ""
3103, 3, 1, 1, 2, 4, 1, 1, 3, 4, ""
3104, 5, 2, 1, 1, 5, 1, 1, 1, 5, ""
3105, 5, 3, 1, 5, 5, 1, 1, 5, 5, ""
3106, 2, 1, 2, 5, 2, 2, 3, 1, 3, ""
3107, 4, 2, 2, 1, 1, 2, 1, 2, 2, ""
3108, 2, 2, 2, 2, 2, 1, 1, 2, 3, ""
3109, 3, 3, 3, 3, 2, 3, 2, 2, 4, ""
3110, 3, 3, 1, 2, 2, 1, 1, 1, 2, ""
3111, 2, 3, 2, 1, 2, 2, 3, 2, 2, ""
3112, 2, 1, 3, 2, 2, 1, 1, 2, 2, ""
3113, 2, 2, 2, 2, 2, 1, 1, 1, 2, ""
3114, 2, 2, 3, 2, 2, 1, 1, 1, 1, ""
3115, 3, 2, 2, 2, 2, 1, 1, 2, 1, ""
3116, 2, 1, 2, 2, 1, 1, 1, 2, 1, ""
3117, 2, 2, 2, 2, 2, 1, 1, 2, 2, ""
3118, 2, 1, 3, 1, 2, 1, 1, 1, 1, ""
3119, 2, 3, 1, 2, 2, 1, 1, 1, 1, ""
3120, 4, 2, 2, 3, 2, 1, 1, 1, 1, ""
3121, 2, 3, 2, 1, 2, 2, 1, 1, 3, ""
3122, 2, 3, 2, 2, 2, 2, 2, 2, 1, ""
3123, 2, 3, 3, 2, 2, 2, 1, 1, 1, ""
3124, 3, 4, 3, 2, 1, 2, 1, 1, 1, ""
3125, 3, 2, 2, 2, 2, 1, 1, 1, 1, ""
3126, 2, 2, 2, 2, 2, 1, 1, 1, 1, ""
3127, 3, 4, 3, 4, 2, 1, 1, 1, 3, ""
3128, 1, 1, 1, 3, 2, 1, 1, 0, 0, ""
3129, 1, 1, 1, 2, 1, 1, 1, 1, 1, ""
3130, 1, 1, 1, 2, 1, 1, 1, 1, 1, ""
3131, 1, 1, 1, 2, 1, 1, 1, 1, 1, ""
3132, 1, 1, 1, 2, 1, 1, 1, 1, 1, ""
3133, 1, 1, 2, 1, 2, 1, 1, 1, 1, ""
3134, 1, 1, 1, 2, 2, 1, 1, 1, 1, ""
3135, 2, 1, 1, 1, 2, 1, 1, 1, 1, ""
3136, 2, 1, 1, 2, 2, 1, 1, 1, 1, ""
3137, 1, 1, 1, 2, 2, 1, 2, 1, 2, ""
3138, 2, 1, 1, 2, 1, 3, 2, 1, 2, ""
3140, 3, 2, 2, 1, 2, 2, 2, 2, 1, ""
3141, 1, 1, 1, 2, 2, 1, 1, 1, 1, ""
3142, 1, 1, 1, 1, 1, 1, 1, 1, 1, ""
3143, 1, 1, 1, 1, 1, 1, 1, 1, 2, ""
3144, 2, 1, 1, 1, 1, 1, 1, 1, 1, ""
3146, 1, 1, 1, 1, 1, 1, 1, 1, 1, ""
3147, 2, 1, 1, 1, 2, 1, 1, 2, 1, ""
3148, 1, 1, 1, 2, 2, 2, 3, 1, 1, ""
3149, 2, 1, 1, 3, 3, 1, 1, 1, 1, ""
3150, 1, 1, 1, 1, 1, 2, 2, 1, 1, ""
3151, 3, 2, 1, 1, 2, 3, 2, 2, 2, ""
3152, 1, 1, 1, 2, 1, 1, 1, 1, 2, ""
3153, 3, 1, 1, 1, 1, 3, 3, 1, 1, ""
3154, 2, 2, 3, 3, 2, 1, 1, 2, 2, ""
3155, 3, 2, 2, 3, 3, 1, 1, 1, 4, ""
3156, 2, 2, 3, 3, 2, 1, 1, 1, 2, ""
3157, 2, 2, 3, 3, 2, 1, 1, 1, 4, ""
3158, 3, 2, 2, 2, 1, 4, 1, 2, 1, ""
3159, 2, 2, 2, 2, 1, 2, 2, 2, 2, ""
3160, 2, 1, 2, 2, 1, 1, 2, 1, 1, ""
3161, 2, 2, 3, 2, 2, 1, 1, 1, 1, ""
3162, 2, 2, 2, 1, 1, 2, 2, 1, 1, ""
3163, 2, 2, 2, 1, 3, 1, 1, 1, 3, ""
3164, 2, 2, 4, 2, 2, 1, 1, 1, 2, ""
3165, 3, 2, 3, 1, 2, 1, 1, 1, 2, ""
3166, 2, 2, 2, 1, 2, 2, 3, 1, 1, ""
3167, 3, 3, 2, 1, 1, 2, 2, 1, 1, ""
3168, 2, 2, 2, 1, 2, 2, 1, 1, 1, ""
3169, 2, 2, 3, 1, 2, 1, 1, 2, 1, ""
3170, 3, 2, 2, 1, 2, 1, 2, 1, 3, ""
3171, 2, 2, 2, 1, 2, 1, 3, 1, 1, ""
3172, 2, 2, 2, 2, 2, 1, 1, 1, 1, ""
3173, 2, 1, 2, 2, 2, 1, 1, 1, 1, ""
3174, 2, 2, 2, 2, 2, 1, 1, 1, 1, ""
3175, 2, 2, 2, 2, 1, 2, 1, 1, 1, ""
3176, 2, 2, 2, 3, 1, 1, 2, 1, 1, ""
3177, 3, 2, 2, 2, 3, 1, 1, 1, 2, ""
3179, 4, 2, 5, 2, 1, 2, 1, 2, 1, ""
3180, 2, 2, 3, 2, 2, 1, 1, 1, 1, ""
3181, 2, 1, 2, 2, 2, 1, 1, 1, 1, ""
3182, 2, 2, 2, 1, 3, 2, 1, 1, 1, ""
3183, 2, 1, 2, 1, 2, 3, 1, 1, 1, ""
3184, 2, 3, 2, 1, 2, 2, 1, 1, 3, ""
3185, 2, 1, 1, 3, 2, 1, 2, 1, 1, ""
3186, 3, 1, 1, 1, 2, 1, 1, 1, 1, ""
3187, 1, 1, 1, 2, 1, 1, 1, 1, 1, ""
3188, 1, 1, 1, 1, 1, 1, 1, 1, 1, ""
3189, 1, 1, 1, 2, 2, 1, 1, 1, 1, ""
3190, 1, 1, 1, 2, 2, 1, 1, 1, 1, ""
3191, 1, 1, 1, 4, 1, 1, 1, 1, 1, ""
3192, 1, 1, 1, 1, 3, 1, 1, 1, 1, ""
3193, 2, 1, 1, 1, 2, 1, 1, 1, 1, ""
3194, 1, 1, 1, 3, 2, 1, 1, 1, 1, ""
3195, 1, 2, 1, 1, 2, 1, 1, 1, 1, ""
3196, 1, 1, 1, 2, 2, 1, 1, 1, 1, ""
3197, 2, 2, 1, 1, 1, 1, 1, 2, 1, ""
3198, 1, 1, 1, 1, 2, 1, 1, 1, 1, ""
3200, 1, 1, 1, 2, 2, 1, 1, 1, 1, ""
3201, 1, 1, 1, 1, 2, 1, 1, 1, 1, ""
3202, 1, 1, 1, 1, 2, 1, 1, 1, 1, ""
3203, 1, 1, 1, 1, 1, 2, 1, 1, 1, ""
3204, 1, 1, 1, 2, 2, 2, 2, 1, 1, ""
3205, 1, 1, 1, 1, 2, 1, 2, 1, 2, ""
3206, 1, 1, 1, 2, 2, 1, 1, 1, 1, ""
3207, 2, 1, 1, 1, 1, 1, 1, 1, 1, ""
3208, 1, 1, 1, 1, 1, 1, 1, 1, 1, ""
3214, 2, 1, 1, 2, 1, 1, 1, 1, 1, ""
3215, 1, 1, 1, 2, 1, 1, 1, 1, 1, ""
3216, 3, 1, 1, 3, 1, 2, 1, 1, 1, ""
3218, 1, 1, 1, 4, 2, 1, 1, 1, 1, ""
3219, 1, 1, 1, 5, 1, 1, 1, 1, 1, ""
3220, 1, 3, 1, 2, 2, 1, 1, 1, 1, ""
3221, 1, 2, 1, 1, 1, 1, 1, 1, 1, ""
3222, 1, 1, 1, 2, 1, 1, 1, 1, 1, ""
3223, 1, 1, 1, 4, 2, 1, 1, 1, 1, ""
3224, 1, 1, 1, 2, 1, 1, 1, 1, 1, ""
3225, 1, 1, 1, 3, 5, 1, 1, 1, 1, ""
3226, 2, 1, 1, 4, 4, 1, 1, 1, 1, ""
3227, 1, 1, 1, 3, 3, 1, 1, 1, 1, ""
3228, 3, 1, 1, 4, 3, 1, 1, 1, 1, ""
3229, 1, 1, 1, 4, 1, 1, 1, 1, 1, ""
3230, 1, 1, 1, 1, 2, 1, 1, 1, 1, ""
3231, 1, 1, 1, 4, 1, 1, 1, 1, 1, ""
3232, 1, 1, 1, 2, 1, 1, 1, 1, 1, ""
3233, 1, 1, 1, 2, 2, 1, 1, 1, 1, ""
3234, 1, 1, 1, 3, 2, 1, 1, 1, 1, ""
3235, 1, 1, 1, 2, 2, 1, 1, 1, 1, ""
3236, 2, 1, 1, 2, 2, 1, 1, 1, 1, ""
3237, 1, 1, 1, 2, 2, 1, 1, 1, 1, ""
3238, 1, 1, 1, 3, 2, 1, 1, 1, 1, ""
3239, 1, 1, 1, 2, 2, 1, 1, 1, 1, ""
3240, 2, 1, 1, 5, 3, 1, 1, 1, 1, ""
3241, 2, 1, 1, 1, 2, 1, 1, 1, 1, ""
3242, 1, 1, 1, 3, 3, 1, 1, 1, 1, ""
3244, 1, 1, 1, 1, 2, 1, 1, 1, 1, ""
3245, 1, 1, 1, 2, 2, 1, 1, 1, 1, ""
3246, 1, 1, 1, 2, 2, 1, 1, 1, 1, ""
3247, 3, 1, 1, 1, 1, 1, 1, 1, 1, ""
3249, 2, 1, 1, 2, 2, 1, 1, 1, 1, ""
3250, 1, 1, 1, 2, 2, 1, 1, 1, 1, ""
3251, 3, 1, 1, 1, 1, 1, 1, 1, 1, ""
3252, 1, 1, 1, 1, 1, 1, 1, 1, 1, ""
3253, 1, 1, 1, 1, 1, 1, 1, 1, 1, ""
3254, 1, 1, 1, 4, 3, 1, 1, 1, 1, ""
3255, 1, 1, 1, 1, 3, 1, 1, 1, 1, ""
3256, 2, 3, 1, 3, 2, 1, 1, 1, 1, ""
3257, 2, 1, 1, 3, 2, 1, 1, 1, 1, ""
3258, 3, 1, 1, 3, 2, 1, 1, 1, 1, ""
3259, 1, 1, 1, 2, 1, 1, 1, 1, 1, ""
3260, 3, 1, 1, 2, 1, 1, 1, 1, 1, ""
3261, 1, 1, 1, 1, 1, 1, 1, 1, 1, ""
3262, 1, 1, 1, 2, 2, 1, 1, 1, 1, ""
3263, 2, 1, 1, 2, 2, 1, 2, 2, 1, ""
3264, 1, 1, 1, 2, 2, 1, 1, 1, 1, ""
3265, 3, 1, 1, 3, 2, 1, 1, 4, 1, ""
3266, 1, 1, 1, 2, 1, 1, 1, 1, 1, ""
3267, 1, 1, 1, 1, 3, 1, 1, 4, 1, ""
3268, 1, 1, 1, 2, 2, 1, 2, 1, 1, ""
3269, 1, 1, 1, 2, 2, 1, 1, 2, 2, ""
3270, 1, 1, 1, 1, 1, 1, 1, 1, 1, ""
3271, 1, 1, 1, 1, 1, 1, 1, 1, 2, ""
3272, 1, 1, 1, 1, 1, 1, 1, 2, 1, ""
3273, 1, 1, 1, 1, 1, 1, 1, 1, 1, ""
3274, 1, 1, 1, 1, 1, 1, 1, 1, 1, ""
3275, 1, 1, 1, 1, 2, 1, 1, 1, 2, ""
3276, 1, 1, 1, 1, 1, 1, 1, 1, 2, ""
3277, 1, 1, 1, 2, 2, 1, 1, 1, 2, ""
3278, 1, 2, 1, 2, 2, 1, 1, 2, 2, ""
3279, 1, 1, 1, 1, 2, 1, 1, 1, 2, ""
3280, 1, 1, 1, 1, 1, 1, 1, 1, 1, ""
3281, 1, 1, 1, 1, 1, 1, 1, 1, 1, ""
3282, 1, 1, 1, 1, 2, 1, 2, 1, 2, ""
3283, 1, 1, 1, 2, 2, 1, 1, 1, 1, ""
3284, 2, 2, 1, 2, 2, 1, 1, 1, 1, ""
3285, 1, 1, 1, 2, 2, 1, 1, 2, 2, ""
3286, 1, 1, 1, 3, 1, 1, 1, 1, 1, ""
3287, 1, 1, 1, 1, 1, 1, 1, 1, 1, ""
3288, 1, 1, 1, 1, 2, 1, 1, 1, 2, ""
3289, 3, 2, 3, 1, 2, 3, 1, 2, 1, ""
3290, 2, 2, 1, 1, 2, 1, 2, 1, 1, ""
3291, 3, 1, 2, 1, 1, 1, 1, 1, 1, ""
3292, 3, 1, 4, 2, 2, 1, 1, 1, 1, ""
3293, 3, 1, 1, 2, 1, 1, 1, 1, 2, ""
3294, 2, 2, 3, 1, 2, 2, 1, 1, 2, ""
3295, 3, 5, 3, 1, 2, 1, 1, 1, 1, ""
3296, 2, 5, 2, 2, 1, 1, 1, 2, 1, ""
3297, 2, 1, 2, 2, 2, 1, 1, 2, 2, ""
3298, 2, 2, 2, 3, 2, 1, 1, 1, 3, ""
3299, 4, 3, 2, 1, 1, 2, 2, 1, 2, ""
3300, 4, 2, 3, 1, 2, 3, 3, 2, 3, ""
3301, 2, 2, 2, 2, 1, 1, 1, 2, 2, ""
3302, 2, 2, 3, 3, 2, 1, 1, 2, 1, ""
3303, 2, 2, 3, 2, 1, 1, 2, 1, 1, ""
3304, 2, 3, 3, 2, 2, 2, 1, 2, 1, ""
3305, 2, 2, 2, 3, 2, 1, 1, 1, 1, ""
3306, 2, 3, 2, 3, 2, 1, 1, 2, 4, ""
3307, 2, 2, 2, 4, 2, 1, 1, 1, 1, ""
3308, 3, 2, 2, 2, 2, 1, 1, 1, 2, ""
3309, 2, 3, 3, 3, 2, 1, 1, 1, 1, ""
3310, 2, 1, 2, 3, 1, 1, 2, 1, 1, ""
3311, 3, 5, 3, 1, 1, 2, 1, 1, 2, ""
3312, 2, 3, 2, 3, 2, 1, 1, 1, 2, ""
3313, 3, 3, 2, 1, 3, 1, 1, 2, 1, ""
3314, 5, 4, 2, 4, 2, 2, 3, 2, 3, ""
3315, 2, 2, 3, 3, 1, 1, 2, 2, 1, ""
3316, 3, 1, 2, 3, 1, 2, 2, 2, 2, ""
3317, 1, 2, 2, 2, 3, 1, 1, 2, 2, ""
3318, 4, 2, 3, 5, 2, 2, 1, 3, 2, ""
3319, 3, 1, 2, 4, 3, 2, 2, 2, 2, ""
3320, 2, 2, 3, 2, 1, 2, 3, 3, 2, ""
3322, 3, 1, 3, 4, 2, 4, 1, 1, 3, ""
3323, 2, 5, 1, 2, 1, 1, 1, 2, 3, ""
3324, 2, 2, 2, 2, 3, 1, 1, 1, 3, ""
3325, 2, 2, 1, 2, 1, 1, 2, 1, 2, ""
3326, 2, 2, 2, 2, 3, 1, 1, 1, 2, ""
3327, 2, 1, 2, 3, 2, 1, 1, 2, 2, ""
3328, 1, 1, 3, 1, 3, 1, 1, 1, 1, ""
3329, 2, 2, 2, 4, 2, 1, 1, 2, 2, ""
3330, 1, 1, 1, 1, 3, 1, 1, 0, 0, ""
3331, 2, 1, 1, 2, 2, 1, 1, 0, 0, ""
3332, 1, 1, 1, 1, 2, 1, 1, 0, 0, ""
3333, 1, 1, 1, 3, 4, 1, 1, 0, 0, ""
3334, 1, 1, 1, 2, 2, 1, 1, 0, 0, ""
3335, 1, 1, 1, 2, 4, 1, 1, 0, 0, ""
3336, 1, 1, 1, 3, 2, 1, 1, 0, 0, ""
3337, 2, 1, 1, 2, 1, 1, 1, 0, 0, ""
3338, 1, 2, 1, 1, 2, 1, 1, 0, 0, ""
3339, 1, 1, 2, 2, 2, 1, 1, 0, 0, ""
3340, 1, 3, 1, 1, 2, 1, 1, 0, 0, ""
3341, 1, 1, 1, 2, 2, 1, 1, 0, 0, ""
3342, 1, 1, 1, 2, 1, 1, 1, 0, 0, ""
3343, 1, 2, 1, 2, 2, 1, 1, 0, 0, ""
3344, 1, 1, 1, 3, 1, 1, 1, 0, 0, ""
3345, 1, 2, 2, 5, 1, 1, 1, 0, 0, ""
3346, 1, 1, 1, 1, 2, 1, 1, 0, 0, ""
3347, 2, 3, 1, 3, 2, 1, 1, 0, 0, ""
3348, 2, 1, 1, 4, 1, 1, 1, 0, 0, ""
3349, 1, 1, 1, 3, 3, 1, 1, 0, 0, ""
3350, 1, 1, 1, 4, 2, 1, 1, 0, 0, ""
3351, 1, 1, 3, 1, 2, 1, 1, 0, 0, ""
3352, 1, 1, 1, 2, 1, 1, 1, 0, 0, ""
3353, 1, 1, 1, 2, 2, 1, 1, 0, 0, ""
3354, 1, 1, 1, 3, 4, 1, 1, 0, 0, ""
3355, 1, 2, 1, 1, 4, 1, 1, 0, 0, ""
3356, 3, 1, 1, 1, 3, 1, 1, 0, 0, ""
3357, 1, 1, 1, 1, 2, 1, 1, 0, 0, ""
3358, 1, 1, 1, 1, 3, 1, 1, 0, 0, ""
3359, 1, 1, 1, 1, 4, 1, 1, 0, 0, ""
3360, 1, 1, 1, 1, 3, 1, 1, 0, 0, ""
3361, 1, 1, 1, 1, 2, 1, 1, 0, 0, ""
3362, 1, 1, 1, 1, 2, 1, 1, 0, 0, ""
3363, 1, 1, 1, 3, 4, 1, 1, 0, 0, ""
3364, 2, 1, 1, 1, 1, 1, 1, 0, 0, ""
3365, 1, 1, 1, 1, 1, 1, 2, 1, 1, ""
3366, 1, 1, 1, 1, 1, 1, 1, 1, 1, ""
3367, 1, 1, 1, 1, 2, 1, 1, 2, 1, ""
3368, 2, 1, 1, 2, 1, 1, 1, 1, 1, ""
3369, 1, 1, 1, 2, 2, 1, 1, 1, 1, ""
3370, 1, 2, 1, 2, 1, 1, 1, 1, 2, ""
3371, 1, 1, 1, 2, 1, 1, 1, 1, 1, ""
3372, 1, 1, 1, 1, 1, 1, 1, 1, 1, ""
3373, 2, 1, 1, 2, 2, 1, 1, 1, 1, ""
3374, 1, 1, 1, 2, 2, 1, 1, 1, 1, ""
3375, 2, 1, 1, 1, 1, 1, 1, 2, 2, ""
3376, 1, 1, 1, 1, 1, 1, 1, 1, 1, ""
3377, 1, 1, 1, 1, 1, 1, 1, 2, 1, ""
3378, 1, 1, 1, 2, 1, 1, 1, 1, 1, ""
3379, 1, 1, 1, 2, 1, 1, 1, 1, 1, ""
3380, 1, 1, 1, 2, 2, 1, 1, 1, 2, ""
3381, 1, 1, 1, 1, 2, 1, 1, 2, 3, ""
3382, 1, 1, 1, 1, 2, 1, 1, 2, 1, ""
3383, 1, 1, 1, 2, 1, 1, 1, 1, 1, ""
3384, 1, 1, 1, 2, 2, 1, 1, 2, 2, ""
3385, 1, 1, 1, 2, 2, 1, 1, 1, 2, ""
3386, 1, 1, 1, 1, 2, 1, 1, 1, 1, ""
3387, 1, 1, 1, 1, 2, 1, 1, 1, 2, ""
3388, 1, 1, 1, 2, 2, 1, 1, 1, 2, ""
3389, 1, 1, 1, 1, 1, 1, 1, 1, 1, ""
3390, 1, 1, 1, 2, 2, 1, 1, 1, 1, ""
3391, 1, 1, 1, 1, 1, 1, 1, 2, 1, ""
3392, 1, 1, 2, 1, 3, 1, 1, 0, 0, ""
3393, 5, 1, 1, 1, 2, 1, 1, 0, 0, ""
3394, 1, 1, 1, 2, 2, 1, 1, 0, 0, ""
3395, 1, 1, 1, 3, 3, 1, 1, 0, 0, ""
3396, 2, 2, 1, 3, 1, 1, 1, 0, 0, ""
3397, 1, 4, 1, 1, 2, 1, 1, 0, 0, ""
3398, 1, 1, 2, 2, 1, 4, 1, 0, 0, ""
3399, 2, 2, 1, 1, 1, 1, 1, 0, 0, ""
3400, 1, 1, 1, 2, 3, 1, 1, 0, 0, ""
3401, 1, 1, 1, 3, 3, 1, 1, 0, 0, ""
3402, 1, 1, 1, 2, 2, 1, 2, 0, 0, ""
3403, 2, 1, 1, 3, 3, 1, 1, 0, 0, ""
3404, 1, 1, 1, 2, 2, 1, 1, 0, 0, ""
3405, 1, 1, 1, 1, 1, 1, 1, 0, 0, ""
3406, 1, 1, 1, 1, 3, 1, 1, 0, 0, ""
3407, 2, 1, 1, 2, 4, 1, 1, 0, 0, ""
3408, 1, 1, 1, 4, 1, 1, 1, 0, 0, ""
3409, 2, 1, 1, 1, 1, 1, 1, 0, 0, ""
3410, 1, 1, 1, 2, 1, 1, 1, 0, 0, ""
3411, 1, 1, 1, 4, 3, 1, 1, 0, 0, ""
3412, 1, 1, 1, 1, 2, 1, 1, 0, 0, ""
3413, 2, 1, 1, 3, 2, 1, 1, 0, 0, ""
3414, 2, 1, 1, 3, 2, 1, 1, 0, 0, ""
3415, 3, 1, 1, 4, 2, 1, 1, 0, 0, ""
3416, 2, 1, 1, 1, 3, 1, 1, 0, 0, ""
3417, 2, 1, 1, 1, 4, 1, 1, 0, 0, ""
3418, 2, 1, 1, 2, 2, 1, 1, 0, 0, ""
3419, 1, 1, 1, 4, 3, 1, 1, 0, 0, ""
3420, 1, 1, 1, 2, 3, 1, 1, 0, 0, ""
3421, 1, 1, 1, 1, 1, 1, 1, 0, 0, ""
3422, 3, 1, 2, 3, 1, 1, 1, 0, 0, ""
3423, 1, 1, 1, 4, 3, 1, 1, 0, 0, ""
3424, 1, 1, 1, 4, 3, 1, 1, 0, 0, ""
3425, 2, 1, 1, 2, 4, 1, 1, 0, 0, ""
3426, 2, 3, 1, 4, 2, 1, 1, 0, 0, ""
3427, 1, 1, 1, 1, 1, 1, 1, 0, 0, ""
3428, 1, 1, 1, 3, 1, 1, 1, 0, 0, ""
3429, 1, 1, 1, 3, 3, 1, 1, 0, 0, ""
3430, 1, 1, 1, 2, 2, 1, 1, 0, 0, ""
3431, 1, 1, 1, 3, 2, 1, 1, 0, 0, ""
3432, 1, 1, 1, 2, 2, 1, 1, 1, 2, ""
3433, 1, 1, 1, 2, 2, 1, 1, 1, 1, ""
3434, 1, 1, 1, 2, 2, 1, 2, 1, 2, ""
3435, 1, 1, 1, 1, 1, 1, 1, 1, 1, ""
3436, 2, 1, 1, 3, 1, 1, 1, 1, 1, ""
3437, 1, 1, 1, 1, 2, 1, 1, 1, 1, ""
3438, 1, 1, 1, 2, 2, 1, 1, 1, 1, ""
3439, 1, 1, 1, 3, 2, 1, 1, 1, 1, ""
3440, 3, 1, 1, 3, 2, 1, 1, 1, 2, ""
3441, 4, 1, 1, 1, 2, 1, 1, 1, 1, ""
3442, 2, 1, 1, 1, 1, 1, 1, 1, 1, ""
3443, 2, 4, 1, 2, 2, 1, 1, 1, 1, ""
3444, 1, 1, 1, 2, 2, 1, 1, 2, 1, ""
3445, 1, 1, 1, 2, 1, 1, 1, 1, 2, ""
3446, 2, 2, 2, 1, 2, 1, 1, 2, 2, ""
3447, 3, 2, 2, 2, 2, 1, 2, 1, 1, ""
3448, 3, 4, 1, 3, 1, 2, 3, 2, 2, ""
3449, 4, 3, 2, 3, 1, 2, 1, 3, 1, ""
3450, 2, 2, 2, 2, 2, 2, 2, 2, 1, ""
3451, 3, 3, 2, 3, 2, 1, 1, 1, 1, ""
3452, 1, 1, 1, 1, 1, 1, 2, 1, 1, ""
3453, 4, 1, 2, 3, 2, 1, 1, 1, 1, ""
3454, 2, 3, 2, 2, 3, 2, 2, 2, 2, ""
3455, 3, 2, 1, 2, 1, 1, 2, 2, 1, ""
3456, 2, 2, 2, 3, 1, 1, 2, 2, 2, ""
3457, 3, 3, 2, 2, 2, 1, 1, 3, 2, ""
3458, 3, 2, 2, 3, 2, 1, 1, 2, 3, ""
3459, 2, 2, 2, 2, 2, 1, 1, 1, 3, ""
3460, 2, 2, 3, 4, 2, 1, 2, 1, 2, ""
3461, 3, 2, 3, 3, 2, 2, 3, 3, 2, ""
3462, 5, 2, 3, 4, 1, 1, 2, 2, 2, ""
3463, 2, 3, 2, 2, 1, 3, 1, 1, 1, ""
3464, 2, 1, 2, 2, 2, 2, 1, 1, 1, ""
3465, 2, 2, 2, 2, 2, 1, 1, 1, 1, ""
3466, 3, 2, 3, 2, 2, 1, 1, 2, 1, ""
3467, 2, 2, 2, 2, 2, 1, 2, 1, 2, ""
3468, 2, 1, 2, 2, 2, 1, 1, 1, 1, ""
3469, 2, 1, 3, 2, 2, 2, 2, 3, 2, ""
3470, 2, 1, 2, 3, 2, 2, 1, 1, 1, ""
3471, 2, 2, 1, 1, 2, 2, 2, 3, 1, ""
3472, 2, 1, 2, 3, 2, 1, 1, 2, 1, ""
3473, 3, 2, 2, 2, 1, 1, 1, 1, 2, ""
3474, 1, 1, 2, 2, 1, 1, 1, 1, 1, ""
3475, 2, 2, 3, 4, 2, 1, 1, 1, 1, ""
3476, 3, 1, 4, 1, 1, 2, 2, 1, 1, ""
3477, 2, 2, 2, 2, 1, 1, 2, 1, 1, ""
3478, 2, 1, 2, 4, 2, 1, 1, 3, 1, ""
3479, 2, 3, 2, 2, 3, 1, 1, 2, 1, ""
3480, 1, 1, 1, 2, 1, 1, 1, 0, 0, ""
3481, 2, 3, 3, 3, 2, 1, 2, 1, 1, ""
3482, 1, 2, 2, 2, 2, 2, 1, 1, 3, ""
3483, 3, 3, 3, 3, 3, 1, 1, 2, 1, ""
3484, 1, 1, 2, 1, 1, 1, 1, 1, 1, ""
3485, 2, 2, 2, 1, 1, 3, 2, 2, 1, ""
3486, 2, 2, 2, 2, 2, 1, 1, 1, 1, ""
3487, 5, 3, 3, 1, 2, 1, 2, 1, 1, ""
3488, 1, 1, 1, 4, 4, 1, 1, 0, 0, ""
3489, 1, 1, 2, 2, 3, 3, 2, 1, 1, ""
3490, 5, 1, 2, 2, 4, 1, 1, 2, 2, ""
3491, 3, 4, 3, 2, 2, 2, 1, 2, 2, ""
3492, 3, 1, 2, 2, 3, 1, 1, 2, 4, ""
3493, 2, 3, 2, 3, 3, 1, 3, 1, 1, ""
3494, 1, 1, 3, 4, 2, 1, 1, 0, 0, ""
3495, 2, 2, 3, 2, 1, 1, 2, 1, 2, ""
3496, 2, 2, 2, 3, 1, 1, 2, 3, 1, ""
3497, 2, 2, 4, 2, 1, 1, 2, 1, 3, ""
3498, 2, 2, 3, 1, 1, 2, 2, 2, 1, ""
3499, 2, 2, 3, 3, 2, 1, 1, 1, 3, ""
3500, 2, 3, 2, 2, 2, 1, 2, 1, 1, ""
3501, 2, 1, 2, 1, 1, 2, 2, 2, 1, ""
3502, 3, 4, 4, 2, 1, 2, 1, 2, 1, ""
3503, 2, 3, 3, 2, 3, 2, 2, 2, 2, ""
3504, 2, 2, 2, 3, 4, 2, 2, 1, 1, ""
3505, 2, 2, 4, 2, 2, 2, 3, 1, 1, ""
3506, 3, 2, 4, 3, 1, 1, 1, 1, 4, ""
3507, 2, 1, 2, 2, 2, 1, 1, 1, 3, ""
3508, 3, 2, 2, 2, 3, 1, 1, 1, 1, ""
3509, 4, 1, 3, 1, 3, 2, 1, 1, 1, ""
3510, 2, 2, 2, 3, 2, 2, 1, 2, 1, ""
3511, 1, 2, 2, 1, 2, 1, 2, 1, 1, ""
3512, 3, 2, 2, 4, 2, 1, 1, 1, 3, ""
3513, 2, 2, 3, 3, 1, 2, 2, 2, 2, ""
3514, 2, 2, 5, 5, 1, 1, 2, 2, 3, ""
3515, 1, 1, 2, 1, 2, 1, 3, 1, 2, ""
3516, 1, 1, 3, 1, 2, 2, 2, 1, 1, ""
3517, 1, 2, 3, 3, 3, 2, 2, 2, 1, ""
3518, 2, 1, 3, 1, 2, 3, 1, 1, 1, ""
3519, 2, 5, 2, 2, 1, 1, 1, 2, 1, ""
3520, 1, 1, 3, 3, 2, 2, 3, 2, 1, ""
3521, 4, 1, 3, 1, 1, 1, 1, 1, 3, ""
3522, 2, 1, 4, 2, 2, 1, 1, 2, 1, ""
3523, 2, 2, 2, 1, 3, 2, 1, 2, 1, ""
3524, 3, 3, 2, 2, 2, 1, 1, 2, 2, ""
3525, 4, 1, 2, 2, 4, 1, 1, 2, 1, ""
3526, 4, 1, 2, 2, 2, 1, 1, 1, 1, ""
3527, 3, 1, 2, 3, 2, 1, 3, 1, 3, ""
3528, 2, 2, 2, 3, 1, 1, 2, 1, 3, ""
3529, 2, 2, 2, 3, 2, 1, 1, 1, 1, ""
3530, 3, 1, 2, 1, 2, 2, 1, 1, 1, ""
3531, 2, 1, 2, 3, 1, 1, 2, 1, 2, ""
3532, 2, 2, 1, 4, 3, 1, 1, 1, 1, ""
3533, 2, 1, 1, 1, 1, 1, 1, 1, 1, ""
3534, 2, 2, 2, 3, 1, 1, 1, 1, 2, ""
3535, 2, 2, 1, 3, 3, 1, 1, 1, 1, ""
3536, 2, 1, 1, 3, 3, 1, 1, 1, 1, ""
3537, 1, 1, 1, 3, 1, 1, 1, 1, 1, ""
3538, 2, 1, 2, 1, 2, 1, 1, 1, 1, ""
3539, 2, 2, 1, 2, 1, 1, 1, 0, 0, ""
3540, 2, 2, 1, 3, 1, 1, 1, 1, 1, ""
3541, 2, 2, 1, 3, 3, 1, 1, 1, 2, ""
3542, 2, 1, 1, 2, 1, 1, 1, 1, 2, ""
3543, 2, 1, 1, 1, 1, 2, 1, 1, 2, ""
3544, 3, 2, 1, 4, 3, 1, 1, 1, 1, ""
3545, 1, 2, 1, 3, 3, 1, 1, 2, 1, ""
3546, 1, 1, 1, 1, 2, 1, 1, 0, 0, ""
3547, 1, 1, 1, 3, 2, 1, 1, 0, 0, ""
3548, 2, 1, 1, 2, 1, 1, 1, 0, 0, ""
3549, 1, 2, 1, 4, 1, 1, 1, 0, 0, ""
3550, 1, 1, 1, 2, 4, 1, 1, 0, 0, ""
3551, 1, 1, 1, 3, 1, 1, 1, 0, 0, ""
3552, 1, 1, 1, 3, 2, 1, 1, 1, 1, ""
3553, 1, 1, 1, 1, 3, 1, 1, 0, 0, ""
3554, 2, 1, 1, 1, 3, 1, 1, 0, 0, ""
3555, 1, 1, 1, 3, 1, 1, 1, 0, 0, ""
3556, 2, 4, 1, 4, 2, 2, 1, 0, 0, ""
3557, 1, 1, 1, 1, 1, 1, 1, 0, 0, ""
3558, 1, 1, 1, 2, 1, 1, 1, 0, 0, ""
3559, 2, 1, 1, 3, 1, 1, 1, 0, 0, ""
3560, 2, 1, 2, 1, 1, 1, 1, 0, 0, ""
3561, 3, 1, 1, 1, 1, 1, 1, 0, 0, ""
3562, 2, 1, 1, 3, 1, 1, 1, 0, 0, ""
3563, 1, 1, 1, 3, 3, 1, 1, 0, 0, ""
3565, 1, 1, 1, 1, 2, 1, 1, 0, 0, ""
3566, 1, 1, 1, 5, 2, 1, 1, 0, 0, ""
3567, 1, 1, 1, 2, 2, 1, 1, 0, 0, ""
3568, 2, 1, 1, 3, 1, 1, 1, 0, 0, ""
3569, 2, 1, 1, 1, 1, 1, 1, 0, 0, ""
3570, 1, 1, 1, 4, 3, 1, 1, 0, 0, ""
3571, 1, 3, 1, 3, 2, 1, 1, 0, 0, ""
3572, 1, 1, 1, 2, 1, 1, 1, 0, 0, ""
3573, 1, 1, 1, 1, 1, 1, 1, 0, 0, ""
3574, 1, 1, 1, 3, 1, 1, 1, 0, 0, ""
3575, 1, 1, 2, 2, 2, 1, 1, 0, 0, ""
3576, 1, 1, 1, 4, 2, 1, 2, 0, 0, ""
3577, 2, 2, 2, 1, 3, 1, 1, 0, 0, ""
3578, 3, 1, 1, 3, 3, 1, 1, 0, 0, ""
3579, 2, 1, 1, 1, 1, 1, 1, 0, 0, ""
3580, 2, 1, 1, 4, 3, 1, 1, 0, 0, ""
3581, 1, 1, 1, 1, 1, 1, 1, 0, 0, ""
3582, 2, 1, 1, 3, 2, 1, 1, 0, 0, ""
3583, 2, 1, 1, 2, 4, 1, 1, 0, 0, ""
3584, 2, 1, 1, 1, 1, 1, 1, 1, 1, ""
3585, 1, 1, 1, 1, 1, 1, 1, 0, 0, ""
3586, 1, 2, 1, 1, 1, 1, 1, 0, 0, ""
3587, 1, 1, 1, 2, 2, 1, 1, 0, 0, ""
3588, 1, 1, 1, 4, 2, 1, 1, 0, 0, ""
3589, 1, 1, 1, 1, 2, 1, 1, 0, 0, ""
3590, 3, 1, 1, 1, 1, 1, 1, 0, 0, ""
3591, 1, 1, 1, 2, 3, 1, 1, 0, 0, ""
3592, 2, 1, 1, 2, 1, 1, 1, 0, 0, ""
3593, 1, 1, 1, 2, 1, 1, 1, 0, 0, ""
3594, 1, 1, 1, 2, 2, 1, 1, 0, 0, ""
3595, 1, 1, 1, 4, 4, 1, 1, 0, 0, ""
3596, 1, 1, 1, 3, 4, 1, 1, 0, 0, ""
3597, 1, 1, 1, 1, 1, 1, 1, 0, 0, ""
3598, 1, 1, 1, 2, 1, 1, 1, 0, 0, ""
3599, 2, 1, 1, 3, 1, 1, 1, 0, 0, ""
3600, 1, 1, 1, 3, 4, 1, 1, 0, 0, ""
3601, 1, 1, 1, 2, 4, 1, 1, 0, 0, ""
3602, 2, 1, 1, 2, 1, 1, 1, 0, 0, ""
3603, 1, 1, 1, 2, 3, 1, 1, 0, 0, ""
3604, 1, 1, 1, 1, 3, 1, 1, 0, 0, ""
3605, 1, 1, 1, 2, 3, 1, 1, 0, 0, ""
3606, 2, 1, 1, 1, 1, 1, 1, 0, 0, ""
3607, 1, 1, 1, 4, 2, 1, 1, 0, 0, ""
3608, 2, 1, 1, 4, 2, 1, 1, 0, 0, ""
3609, 2, 1, 1, 1, 2, 1, 1, 0, 0, ""
3610, 1, 1, 1, 1, 3, 1, 1, 0, 0, ""
3611, 1, 1, 1, 2, 4, 1, 1, 0, 0, ""
3612, 1, 1, 1, 3, 1, 1, 1, 0, 0, ""
3614, 1, 1, 1, 1, 3, 1, 1, 0, 0, ""
3615, 2, 1, 1, 1, 3, 1, 1, 0, 0, ""
3616, 2, 1, 1, 1, 3, 1, 1, 0, 0, ""
3617, 1, 1, 1, 4, 2, 1, 1, 0, 0, ""
3618, 1, 1, 1, 1, 4, 1, 1, 0, 0, ""
3619, 1, 1, 1, 1, 3, 1, 1, 0, 0, ""
3620, 3, 1, 1, 2, 2, 1, 1, 0, 0, ""
3621, 1, 1, 1, 2, 2, 1, 1, 0, 0, ""
3622, 1, 1, 1, 5, 3, 1, 1, 0, 0, ""
3623, 1, 1, 1, 3, 3, 1, 1, 0, 0, ""
3624, 1, 1, 1, 3, 1, 1, 1, 0, 0, ""
3625, 1, 1, 1, 1, 2, 1, 1, 0, 0, ""
3626, 1, 1, 1, 1, 2, 1, 1, 0, 0, ""
3627, 1, 1, 1, 3, 2, 1, 1, 0, 0, ""
3628, 1, 1, 1, 1, 1, 1, 1, 0, 0, ""
3629, 1, 1, 1, 1, 3, 1, 1, 0, 0, ""
3630, 2, 2, 1, 3, 1, 1, 1, 1, 3, ""
3631, 1, 2, 2, 3, 3, 1, 1, 3, 1, ""
3632, 3, 3, 1, 1, 3, 1, 1, 1, 1, ""
3633, 3, 2, 1, 1, 3, 1, 1, 3, 1, ""
3634, 3, 2, 2, 5, 3, 1, 1, 1, 3, ""
3635, 2, 1, 2, 1, 3, 1, 1, 1, 1, ""
3636, 1, 1, 4, 2, 2, 1, 1, 3, 2, ""
3637, 4, 3, 1, 1, 3, 2, 2, 4, 2, ""
3638, 3, 1, 2, 2, 4, 1, 1, 1, 1, ""
3639, 4, 2, 2, 3, 2, 1, 1, 1, 1, ""
3640, 2, 1, 3, 3, 2, 1, 1, 2, 1, ""
3641, 2, 2, 2, 1, 2, 2, 2, 1, 1, ""
3642, 2, 1, 3, 3, 1, 1, 2, 1, 2, ""
3643, 2, 3, 2, 1, 4, 1, 1, 2, 1, ""
3644, 3, 1, 3, 2, 1, 1, 2, 1, 1, ""
3645, 4, 2, 3, 5, 1, 2, 2, 2, 1, ""
3646, 2, 2, 2, 1, 3, 2, 1, 3, 1, ""
3647, 2, 3, 2, 4, 2, 1, 2, 1, 1, ""
3648, 3, 2, 2, 5, 2, 1, 1, 1, 1, ""
3649, 3, 2, 2, 1, 1, 2, 2, 2, 1, ""
3650, 2, 3, 3, 1, 3, 2, 3, 1, 1, ""
3651, 2, 1, 2, 2, 3, 2, 1, 1, 3, ""
3652, 2, 1, 2, 4, 4, 3, 1, 1, 1, ""
3653, 2, 2, 2, 1, 3, 2, 2, 2, 1, ""
3654, 3, 2, 2, 1, 3, 2, 1, 1, 1, ""
3655, 2, 2, 3, 1, 1, 2, 2, 3, 1, ""
3656, 2, 3, 2, 2, 1, 1, 2, 1, 3, ""
3657, 3, 1, 2, 2, 3, 1, 1, 1, 2, ""
3658, 1, 1, 2, 5, 2, 1, 1, 1, 1, ""
3659, 2, 2, 2, 4, 3, 1, 1, 1, 1, ""
3660, 4, 2, 3, 3, 2, 1, 1, 3, 1, ""
3661, 2, 1, 2, 4, 2, 1, 1, 1, 1, ""
3662, 4, 2, 3, 3, 1, 1, 1, 4, 1, ""
3663, 2, 2, 3, 4, 2, 1, 1, 1, 1, ""
3664, 2, 3, 2, 1, 2, 2, 1, 1, 2, ""
3665, 2, 2, 2, 2, 3, 1, 1, 2, 1, ""
3666, 4, 5, 1, 3, 2, 1, 1, 1, 1, ""
3667, 2, 2, 3, 1, 2, 2, 1, 1, 1, ""
3668, 2, 1, 3, 2, 2, 1, 2, 2, 2, ""
3669, 2, 2, 3, 1, 1, 2, 2, 1, 1, ""
3670, 1, 1, 1, 3, 3, 1, 1, 0, 0, ""
3671, 1, 1, 1, 1, 3, 1, 1, 0, 0, ""
3672, 1, 1, 1, 1, 2, 1, 1, 0, 0, ""
3673, 1, 1, 1, 1, 2, 1, 1, 0, 0, ""
3674, 1, 1, 1, 4, 2, 1, 1, 0, 0, ""
3675, 1, 2, 1, 1, 3, 1, 1, 0, 0, ""
3676, 2, 1, 2, 5, 2, 1, 1, 0, 0, ""
3677, 1, 1, 1, 4, 1, 1, 1, 0, 0, ""
3678, 1, 1, 1, 1, 4, 1, 1, 0, 0, ""
3679, 2, 1, 1, 1, 4, 1, 1, 0, 0, ""
3680, 1, 1, 1, 1, 2, 1, 1, 0, 0, ""
3681, 1, 1, 1, 4, 3, 1, 1, 0, 0, ""
3682, 3, 1, 1, 5, 2, 1, 1, 0, 0, ""
3683, 2, 1, 1, 2, 5, 1, 1, 0, 0, ""
3684, 4, 1, 3, 4, 2, 1, 1, 2, 4, ""
3685, 3, 2, 2, 3, 2, 1, 2, 1, 1, ""
3686, 3, 1, 4, 1, 2, 2, 1, 1, 2, ""
3687, 2, 1, 1, 1, 1, 2, 2, 2, 1, ""
3688, 2, 4, 2, 3, 3, 1, 1, 2, 1, ""
3689, 2, 2, 2, 1, 1, 1, 2, 2, 2, ""
3690, 1, 1, 1, 2, 2, 1, 1, 0, 0, ""
3691, 1, 1, 1, 5, 3, 1, 1, 0, 0, ""
3692, 2, 1, 1, 2, 2, 1, 1, 0, 0, ""
3693, 1, 1, 1, 3, 2, 1, 1, 0, 0, ""
3694, 3, 1, 1, 5, 1, 1, 1, 0, 0, ""
3695, 1, 1, 1, 1, 3, 1, 1, 0, 0, ""
3696, 2, 1, 1, 1, 3, 1, 1, 0, 0, ""
3697, 1, 1, 1, 4, 3, 1, 1, 0, 0, ""
3698, 1, 1, 1, 3, 1, 1, 1, 0, 0, ""
3699, 1, 1, 1, 1, 1, 1, 1, 0, 0, ""
3700, 2, 1, 1, 2, 3, 1, 1, 0, 0, ""
3701, 1, 1, 1, 3, 3, 1, 1, 0, 0, ""
3702, 1, 1, 1, 3, 3, 1, 1, 0, 0, ""
3703, 1, 1, 1, 1, 3, 1, 1, 0, 0, ""
3704, 2, 2, 2, 1, 2, 1, 1, 1, 2, ""
3705, 2, 2, 1, 1, 3, 1, 2, 2, 1, ""
3706, 2, 1, 1, 5, 1, 1, 1, 0, 0, ""
3707, 1, 1, 1, 4, 3, 1, 1, 0, 0, ""
3708, 2, 3, 1, 1, 2, 1, 1, 0, 0, ""
3709, 1, 1, 1, 1, 2, 1, 1, 0, 0, ""
3710, 3, 4, 2, 2, 2, 2, 2, 0, 0, ""
3711, 1, 1, 1, 1, 1, 1, 1, 0, 0, ""
3712, 1, 1, 2, 1, 1, 1, 1, 0, 0, ""
3713, 1, 1, 1, 1, 1, 1, 1, 0, 0, ""
3714, 2, 2, 1, 1, 3, 1, 2, 1, 2, ""
3715, 3, 1, 1, 2, 2, 1, 1, 1, 2, ""
3716, 2, 1, 1, 3, 2, 3, 1, 0, 0, ""
3717, 4, 1, 2, 1, 2, 2, 2, 0, 0, ""
3718, 3, 3, 2, 3, 2, 3, 3, 0, 0, ""
3719, 2, 4, 2, 2, 2, 2, 2, 0, 0, ""
3720, 2, 1, 1, 4, 2, 1, 1, 1, 1, ""
3721, 1, 5, 1, 1, 1, 1, 1, 1, 1, ""
3722, 3, 3, 2, 3, 3, 3, 3, 0, 0, ""
3723, 2, 2, 2, 1, 2, 2, 2, 0, 0, ""
3724, 2, 1, 1, 1, 1, 1, 1, 1, 1, ""
3725, 2, 1, 1, 1, 1, 2, 2, 0, 0, ""
3726, 2, 2, 3, 3, 1, 4, 1, 0, 0, ""
3727, 2, 3, 1, 2, 2, 1, 1, 0, 0, ""
3728, 1, 1, 1, 4, 3, 1, 1, 0, 0, ""
3729, 1, 1, 1, 3, 1, 3, 1, 0, 0, ""
3730, 2, 1, 1, 1, 3, 1, 1, 0, 0, ""
3731, 2, 1, 2, 2, 1, 1, 1, 0, 0, ""
3732, 1, 1, 1, 1, 2, 1, 1, 0, 0, ""
3733, 1, 1, 1, 4, 2, 1, 1, 0, 0, ""
3734, 1, 1, 1, 4, 1, 1, 1, 0, 0, ""
3735, 2, 1, 1, 1, 1, 1, 1, 0, 0, ""
3736, 2, 1, 1, 2, 3, 1, 1, 0, 0, ""
3737, 1, 1, 1, 5, 3, 1, 1, 0, 0, ""
3738, 3, 1, 1, 4, 2, 1, 1, 0, 0, ""
3739, 1, 1, 1, 3, 1, 1, 1, 0, 0, ""
3740, 3, 1, 1, 3, 2, 1, 1, 0, 0, ""
3741, 1, 1, 1, 1, 1, 1, 1, 2, 1, ""
3742, 1, 1, 1, 4, 3, 1, 1, 0, 0, ""
3743, 1, 1, 1, 2, 3, 1, 1, 0, 0, ""
3744, 3, 1, 1, 1, 3, 1, 2, 2, 1, ""
3745, 2, 1, 1, 2, 2, 1, 1, 2, 3, ""
3746, 1, 1, 1, 1, 1, 1, 1, 0, 0, ""
3747, 4, 1, 1, 4, 1, 1, 1, 0, 0, ""
3748, 2, 2, 2, 1, 1, 1, 1, 0, 0, ""
3749, 2, 2, 1, 1, 2, 1, 1, 0, 0, ""
3750, 1, 4, 3, 1, 1, 1, 1, 0, 0, ""
3751, 2, 4, 2, 1, 1, 1, 1, 0, 0, ""
3752, 2, 1, 1, 1, 1, 1, 1, 1, 1, ""
3753, 2, 1, 1, 3, 3, 1, 1, 1, 3, ""
3754, 2, 1, 1, 1, 1, 1, 1, 0, 0, ""
3755, 2, 3, 1, 1, 1, 1, 1, 0, 0, ""
3756, 3, 2, 1, 1, 1, 1, 1, 0, 0, ""
3757, 2, 1, 1, 1, 1, 1, 1, 0, 0, ""
3758, 1, 1, 1, 2, 1, 1, 1, 0, 0, ""
3759, 4, 3, 2, 2, 1, 1, 4, 0, 0, ""
3760, 3, 2, 2, 1, 2, 2, 2, 0, 0, ""
3761, 3, 1, 1, 2, 2, 1, 1, 0, 0, ""
3762, 2, 1, 1, 1, 1, 1, 1, 1, 3, ""
3763, 2, 1, 1, 4, 2, 1, 1, 1, 1, ""
3764, 1, 1, 1, 2, 2, 1, 1, 0, 0, ""
3765, 2, 3, 1, 2, 2, 1, 2, 0, 0, ""
3766, 1, 1, 1, 1, 1, 1, 1, 0, 0, ""
3767, 1, 1, 1, 1, 2, 1, 1, 0, 0, ""
3768, 1, 1, 1, 3, 3, 1, 1, 0, 0, ""
3769, 2, 1, 1, 1, 3, 1, 1, 0, 0, ""
3770, 2, 1, 1, 2, 2, 1, 1, 1, 2, ""
3771, 2, 1, 2, 1, 2, 1, 1, 1, 1, ""
3772, 2, 1, 1, 1, 2, 1, 1, 0, 0, ""
3773, 3, 2, 3, 3, 3, 1, 1, 1, 1, ""
3774, 2, 2, 2, 2, 1, 1, 2, 1, 1, ""
3775, 1, 2, 2, 1, 2, 2, 2, 1, 1, ""
3776, 2, 2, 3, 1, 1, 2, 2, 1, 1, ""
3777, 2, 2, 2, 2, 2, 1, 1, 3, 1, ""
3778, 3, 2, 2, 2, 2, 2, 2, 2, 1, ""
3779, 2, 1, 2, 3, 3, 1, 1, 4, 1, ""
3780, 2, 3, 1, 2, 1, 1, 2, 2, 2, ""
3781, 1, 1, 2, 2, 3, 1, 2, 1, 1, ""
3782, 2, 2, 2, 2, 2, 2, 2, 1, 1, ""
3783, 3, 1, 3, 4, 1, 1, 2, 1, 1, ""
3784, 2, 3, 3, 2, 3, 1, 1, 2, 1, ""
3785, 2, 1, 2, 1, 1, 2, 1, 2, 1, ""
3786, 2, 1, 2, 2, 3, 1, 1, 2, 1, ""
3787, 2, 1, 1, 4, 4, 2, 3, 1, 1, ""
3788, 2, 2, 2, 2, 2, 1, 1, 3, 1, ""
3789, 2, 3, 2, 4, 2, 2, 1, 2, 1, ""
3790, 3, 1, 2, 1, 3, 2, 1, 1, 2, ""
3791, 3, 1, 3, 3, 2, 1, 2, 1, 2, ""
3792, 2, 1, 3, 2, 3, 1, 2, 1, 3, ""
3793, 4, 1, 3, 1, 1, 2, 2, 1, 2, ""
3794, 3, 1, 3, 2, 3, 1, 1, 1, 1, ""
3795, 2, 2, 2, 2, 2, 1, 1, 1, 1, ""
3796, 2, 1, 1, 1, 2, 1, 1, 1, 1, ""
3797, 2, 2, 3, 3, 4, 2, 1, 1, 1, ""
3798, 2, 2, 1, 2, 3, 1, 1, 2, 1, ""
3799, 2, 1, 2, 2, 2, 1, 1, 2, 2, ""
3800, 3, 1, 2, 1, 3, 2, 1, 3, 1, ""
3801, 1, 2, 2, 3, 3, 1, 1, 2, 1, ""
3802, 2, 1, 2, 4, 4, 1, 1, 2, 2, ""
3803, 2, 1, 2, 1, 2, 2, 2, 1, 1, ""
3804, 2, 1, 1, 1, 5, 2, 1, 3, 1, ""
3805, 1, 1, 2, 1, 2, 1, 1, 1, 3, ""
3806, 2, 1, 4, 2, 1, 1, 2, 4, 2, ""
3807, 2, 3, 1, 2, 2, 1, 1, 2, 1, ""
3808, 2, 1, 3, 1, 2, 2, 1, 2, 2, ""
3809, 2, 1, 2, 3, 2, 1, 1, 1, 2, ""
3810, 1, 1, 2, 2, 2, 1, 1, 1, 1, ""
3811, 3, 3, 3, 2, 1, 1, 2, 4, 2, ""
3812, 2, 3, 2, 1, 3, 1, 1, 1, 2, ""
3813, 2, 2, 3, 1, 1, 2, 2, 1, 2, ""
3814, 3, 1, 3, 1, 2, 2, 1, 2, 1, ""
3815, 1, 1, 2, 1, 2, 2, 1, 1, 1, ""
3816, 3, 1, 1, 1, 2, 2, 1, 2, 1, ""
3817, 1, 1, 1, 1, 1, 1, 1, 1, 1, ""
3818, 2, 2, 2, 1, 2, 2, 1, 1, 1, ""
3819, 2, 1, 2, 1, 1, 2, 2, 1, 1, ""
3820, 2, 1, 3, 1, 2, 1, 1, 1, 2, ""
3821, 2, 1, 2, 2, 3, 1, 1, 1, 1, ""
3822, 4, 3, 2, 1, 4, 2, 1, 1, 1, ""
3823, 2, 1, 2, 3, 3, 1, 1, 1, 2, ""
3824, 3, 3, 2, 1, 4, 2, 1, 3, 1, ""
3825, 2, 2, 3, 1, 3, 1, 1, 1, 1, ""
3826, 2, 3, 2, 2, 1, 1, 2, 1, 3, ""
3827, 3, 2, 3, 1, 2, 2, 1, 1, 1, ""
3828, 2, 1, 3, 3, 1, 1, 2, 2, 1, ""
3829, 2, 1, 3, 4, 2, 1, 1, 2, 1, ""
3830, 2, 3, 2, 2, 2, 1, 1, 2, 2, ""
3831, 4, 2, 2, 2, 3, 1, 1, 1, 1, ""
3832, 1, 1, 1, 3, 2, 1, 1, 0, 0, ""
3833, 1, 1, 1, 1, 2, 1, 1, 0, 0, ""
3834, 2, 1, 1, 1, 3, 1, 1, 0, 0, ""
3835, 1, 2, 1, 3, 2, 1, 1, 0, 0, ""
3836, 1, 1, 1, 3, 1, 1, 1, 0, 0, ""
3837, 1, 1, 1, 3, 3, 1, 1, 0, 0, ""
3838, 1, 1, 1, 1, 3, 1, 1, 0, 0, ""
3839, 1, 1, 1, 1, 2, 1, 1, 0, 0, ""
3840, 1, 1, 1, 1, 1, 1, 1, 0, 0, ""
3841, 1, 1, 1, 3, 3, 1, 1, 0, 0, ""
3842, 2, 1, 2, 2, 2, 1, 1, 0, 0, ""
3843, 2, 1, 1, 1, 2, 1, 1, 0, 0, ""
3844, 1, 1, 1, 3, 3, 1, 1, 0, 0, ""
3845, 1, 2, 1, 3, 2, 1, 1, 0, 0, ""
3846, 2, 2, 1, 3, 3, 1, 1, 0, 0, ""
3847, 1, 1, 1, 1, 3, 1, 1, 0, 0, ""
3848, 1, 1, 1, 3, 1, 1, 1, 0, 0, ""
3849, 1, 1, 1, 1, 5, 1, 1, 0, 0, ""
3850, 1, 1, 1, 1, 2, 1, 1, 0, 0, ""
3851, 2, 1, 1, 2, 3, 1, 1, 0, 0, ""
3852, 1, 1, 1, 1, 4, 1, 1, 0, 0, ""
3853, 1, 1, 1, 1, 3, 1, 1, 0, 0, ""
3854, 1, 1, 1, 1, 3, 1, 1, 0, 0, ""
3855, 1, 1, 1, 1, 1, 1, 1, 0, 0, ""
3856, 1, 1, 1, 1, 2, 1, 1, 0, 0, ""
3857, 1, 1, 1, 2, 1, 1, 1, 0, 0, ""
3858, 1, 1, 1, 3, 3, 1, 1, 0, 0, ""
3859, 3, 1, 1, 1, 5, 1, 1, 0, 0, ""
3860, 1, 1, 1, 2, 1, 1, 1, 0, 0, ""
3861, 1, 1, 1, 3, 3, 1, 1, 0, 0, ""
3862, 1, 2, 1, 1, 1, 1, 1, 0, 0, ""
3863, 2, 1, 1, 1, 1, 1, 1, 0, 0, ""
3864, 2, 1, 1, 1, 1, 1, 1, 0, 0, ""
3865, 2, 1, 1, 2, 1, 1, 1, 0, 0, ""
3866, 3, 3, 1, 1, 1, 1, 1, 1, 1, ""
3867, 2, 2, 1, 1, 1, 1, 1, 0, 0, ""
3868, 4, 4, 2, 1, 1, 1, 1, 0, 0, ""
3869, 2, 1, 1, 1, 1, 1, 1, 0, 0, ""
3870, 2, 1, 1, 1, 1, 1, 1, 0, 0, ""
3871, 3, 1, 1, 1, 2, 2, 3, 0, 0, ""
3872, 2, 2, 1, 1, 2, 1, 1, 0, 0, ""
3873, 1, 1, 1, 2, 3, 1, 1, 0, 0, ""
3874, 1, 1, 1, 1, 1, 1, 1, 0, 0, ""
3875, 1, 1, 1, 1, 1, 1, 1, 0, 0, ""
3876, 2, 1, 1, 1, 1, 1, 1, 0, 0, ""
3877, 1, 1, 1, 1, 1, 1, 1, 0, 0, ""
3878, 1, 1, 1, 1, 1, 1, 1, 0, 0, ""
3879, 3, 2, 1, 1, 1, 1, 1, 0, 0, ""
3880, 2, 2, 1, 1, 1, 1, 1, 0, 0, ""
3881, 1, 1, 1, 1, 1, 1, 1, 0, 0, ""
3882, 1, 1, 1, 1, 2, 1, 1, 1, 1, ""
3883, 1, 1, 1, 1, 2, 1, 1, 1, 3, ""
3884, 1, 1, 1, 1, 1, 1, 1, 1, 1, ""
3885, 1, 3, 1, 1, 2, 1, 1, 1, 2, ""
3886, 1, 1, 1, 2, 1, 1, 1, 1, 2, ""
3887, 1, 1, 1, 2, 1, 1, 1, 1, 1, ""
3888, 2, 1, 1, 2, 2, 1, 1, 1, 1, ""
3889, 1, 1, 1, 2, 2, 1, 1, 1, 2, ""
3890, 1, 1, 1, 1, 2, 1, 1, 1, 1, ""
3891, 1, 2, 1, 2, 1, 1, 1, 2, 1, ""
3892, 1, 1, 1, 2, 2, 1, 1, 1, 1, ""
3893, 1, 1, 1, 2, 2, 1, 1, 1, 1, ""
3894, 1, 1, 1, 1, 1, 1, 1, 1, 1, ""
3895, 1, 1, 1, 1, 1, 1, 1, 1, 1, ""
3896, 1, 1, 1, 2, 2, 1, 1, 1, 2, ""
3897, 1, 1, 1, 1, 2, 1, 1, 1, 1, ""
3898, 1, 2, 1, 1, 2, 1, 1, 1, 1, ""
3899, 1, 1, 1, 1, 2, 1, 1, 1, 1, ""
3900, 1, 1, 1, 1, 1, 1, 1, 1, 1, ""
3901, 1, 1, 1, 1, 2, 1, 1, 1, 4, ""
3902, 1, 1, 1, 1, 1, 1, 1, 0, 0, ""
3903, 2, 2, 1, 1, 1, 1, 1, 0, 0, ""
3904, 2, 2, 1, 1, 1, 1, 1, 0, 0, ""
3905, 3, 2, 2, 1, 1, 2, 2, 0, 0, ""
3906, 3, 1, 1, 1, 1, 1, 1, 0, 0, ""
3907, 2, 1, 1, 1, 1, 1, 1, 0, 0, ""
3908, 1, 1, 1, 1, 1, 1, 1, 0, 0, ""
3909, 2, 1, 1, 1, 1, 1, 1, 0, 0, ""
3910, 2, 2, 1, 1, 1, 1, 1, 0, 0, ""
3911, 1, 1, 1, 1, 1, 1, 1, 0, 0, ""
3912, 1, 1, 1, 1, 1, 1, 1, 0, 0, ""
3913, 1, 1, 1, 1, 1, 1, 1, 0, 0, ""
3914, 2, 1, 1, 1, 1, 1, 1, 0, 0, ""
3915, 3, 2, 1, 1, 1, 4, 2, 0, 0, ""
3916, 2, 1, 1, 1, 1, 1, 1, 0, 0, ""
3917, 2, 1, 1, 1, 1, 1, 1, 1, 1, ""
3918, 2, 3, 1, 1, 1, 1, 1, 0, 0, ""
3919, 2, 1, 1, 1, 1, 1, 1, 0, 0, ""
3920, 4, 1, 2, 1, 1, 2, 1, 0, 0, ""
3921, 1, 1, 1, 1, 1, 1, 1, 0, 0, ""
3922, 1, 1, 1, 2, 2, 1, 1, 1, 1, ""
3923, 1, 1, 1, 1, 2, 1, 1, 2, 1, ""
3924, 1, 1, 1, 2, 2, 1, 1, 1, 2, ""
3925, 1, 1, 1, 2, 2, 1, 1, 1, 1, ""
3926, 1, 1, 1, 1, 2, 1, 1, 1, 1, ""
3927, 1, 1, 1, 1, 2, 1, 1, 1, 1, ""
3928, 1, 1, 1, 1, 2, 1, 1, 1, 1, ""
3929, 1, 1, 1, 2, 2, 1, 1, 1, 2, ""
3930, 1, 1, 1, 1, 1, 1, 1, 1, 2, ""
3931, 1, 2, 1, 2, 2, 2, 1, 1, 2, ""
3932, 2, 3, 3, 3, 2, 1, 1, 1, 2, ""
3933, 2, 2, 2, 1, 2, 2, 2, 1, 3, ""
3934, 2, 3, 2, 2, 2, 1, 1, 4, 0, ""
3935, 2, 2, 2, 1, 3, 2, 1, 1, 1, ""
3936, 5, 1, 3, 1, 1, 3, 3, 1, 1, ""
3937, 5, 1, 3, 1, 2, 3, 1, 1, 1, ""
3938, 2, 1, 2, 1, 3, 2, 1, 1, 1, ""
3939, 2, 1, 2, 4, 2, 1, 1, 1, 1, ""
3940, 2, 1, 3, 1, 2, 2, 1, 1, 2, ""
3941, 5, 2, 3, 1, 2, 2, 2, 1, 1, ""
3942, 2, 2, 2, 2, 4, 1, 2, 1, 2, ""
3943, 5, 1, 2, 4, 5, 1, 1, 1, 1, ""
3944, 1, 1, 3, 3, 2, 1, 1, 1, 1, ""
3945, 2, 2, 2, 3, 1, 1, 2, 1, 1, ""
3946, 1, 1, 2, 1, 3, 1, 1, 1, 2, ""
3947, 3, 1, 1, 1, 2, 2, 1, 1, 1, ""
3948, 1, 2, 2, 2, 3, 1, 1, 1, 1, ""
3949, 4, 1, 3, 1, 2, 3, 2, 1, 3, ""
3950, 1, 1, 2, 1, 1, 2, 2, 1, 1, ""
3951, 2, 1, 3, 2, 1, 1, 2, 1, 2, ""
3952, 1, 1, 1, 1, 1, 1, 1, 0, 0, ""
3953, 4, 1, 1, 4, 2, 1, 1, 0, 0, ""
3954, 1, 1, 1, 3, 2, 1, 1, 0, 0, ""
3955, 2, 1, 1, 1, 1, 1, 1, 0, 0, ""
3956, 1, 1, 1, 1, 3, 1, 1, 0, 0, ""
3957, 1, 2, 1, 2, 2, 1, 1, 0, 0, ""
3958, 1, 1, 1, 1, 4, 1, 1, 0, 0, ""
3959, 3, 1, 1, 2, 3, 1, 1, 0, 0, ""
3960, 1, 1, 2, 1, 3, 1, 1, 0, 0, ""
3961, 1, 1, 1, 2, 4, 1, 1, 0, 0, ""
3962, 2, 1, 1, 2, 3, 1, 1, 0, 0, ""
3963, 1, 1, 1, 1, 3, 1, 1, 0, 0, ""
3964, 1, 1, 1, 1, 3, 1, 1, 0, 0, ""
3965, 1, 1, 1, 1, 1, 1, 1, 0, 0, ""
3966, 2, 1, 1, 1, 3, 1, 1, 0, 0, ""
3967, 1, 1, 1, 2, 4, 1, 1, 0, 0, ""
3968, 1, 1, 1, 2, 4, 1, 1, 0, 0, ""
3969, 1, 1, 1, 4, 3, 1, 1, 0, 0, ""
3970, 1, 2, 1, 1, 2, 1, 1, 0, 0, ""
3971, 1, 1, 1, 1, 2, 1, 1, 0, 0, ""
3972, 1, 1, 1, 1, 1, 1, 1, 0, 0, ""
3973, 1, 1, 1, 2, 2, 1, 1, 0, 0, ""
3974, 2, 1, 1, 3, 1, 1, 1, 0, 0, ""
3975, 1, 1, 1, 1, 3, 1, 1, 0, 0, ""
3976, 1, 1, 1, 3, 3, 1, 1, 0, 0, ""
3977, 1, 1, 1, 2, 1, 1, 1, 0, 0, ""
3978, 1, 1, 1, 1, 3, 1, 1, 0, 0, ""
3979, 1, 1, 1, 1, 1, 1, 1, 0, 0, ""
3980, 2, 1, 1, 3, 3, 1, 1, 0, 0, ""
3981, 1, 1, 1, 1, 2, 1, 1, 0, 0, ""
3982, 1, 1, 1, 2, 3, 1, 1, 0, 0, ""
3983, 1, 2, 1, 1, 2, 1, 1, 0, 0, ""
3984, 1, 1, 1, 3, 1, 1, 1, 0, 0, ""
3985, 1, 1, 1, 1, 2, 1, 1, 0, 0, ""
3986, 1, 1, 1, 1, 1, 1, 1, 0, 0, ""
3987, 1, 1, 1, 1, 3, 1, 1, 0, 0, ""
3988, 1, 1, 1, 3, 2, 1, 1, 0, 0, ""
3989, 1, 1, 1, 1, 3, 1, 1, 0, 0, ""
3990, 1, 1, 1, 3, 4, 1, 1, 0, 0, ""
3991, 1, 1, 1, 4, 4, 1, 1, 0, 0, ""
3992, 2, 3, 2, 4, 3, 4, 4, 1, 1, ""
3993, 1, 2, 3, 1, 1, 2, 1, 1, 2, ""
3994, 2, 2, 1, 4, 3, 1, 1, 1, 1, ""
3995, 2, 1, 3, 1, 2, 2, 1, 1, 4, ""
3996, 1, 1, 5, 2, 3, 1, 1, 3, 1, ""
3997, 2, 3, 2, 3, 2, 1, 1, 2, 1, ""
3998, 2, 1, 4, 3, 3, 1, 1, 2, 1, ""
3999, 2, 1, 3, 2, 2, 1, 1, 1, 3, ""
4000, 1, 1, 3, 3, 2, 1, 1, 1, 3, ""
4001, 2, 1, 1, 3, 3, 1, 1, 2, 1, ""
4002, 1, 1, 3, 5, 2, 1, 1, 1, 3, ""
4003, 1, 1, 1, 1, 2, 1, 1, 0, 0, ""
4004, 1, 1, 1, 1, 1, 1, 1, 0, 0, ""
4005, 1, 1, 1, 3, 2, 1, 1, 0, 0, ""
4006, 1, 1, 1, 2, 3, 1, 1, 0, 0, ""
4007, 1, 1, 1, 3, 2, 1, 1, 0, 0, ""
4008, 1, 1, 1, 1, 3, 1, 1, 0, 0, ""
4009, 1, 1, 1, 3, 3, 1, 1, 0, 0, ""
4010, 1, 1, 1, 2, 3, 1, 1, 0, 0, ""
4011, 1, 1, 1, 1, 4, 1, 1, 0, 0, ""
4012, 2, 1, 1, 3, 4, 1, 1, 0, 0, ""
4013, 1, 1, 1, 1, 3, 1, 1, 0, 0, ""
4014, 1, 1, 1, 2, 4, 1, 1, 0, 0, ""
4015, 1, 1, 1, 4, 4, 1, 1, 0, 0, ""
4016, 1, 1, 1, 1, 3, 1, 1, 0, 0, ""
4017, 1, 1, 1, 1, 4, 1, 1, 0, 0, ""
4018, 1, 1, 1, 3, 1, 1, 1, 0, 0, ""
4019, 1, 1, 1, 1, 2, 1, 1, 0, 0, ""
4020, 1, 1, 1, 3, 3, 1, 1, 0, 0, ""
4021, 1, 1, 1, 1, 1, 1, 1, 0, 0, ""
4022, 1, 1, 1, 3, 1, 1, 1, 0, 0, ""
4023, 3, 1, 1, 1, 1, 1, 1, 0, 0, ""
4024, 1, 1, 1, 1, 1, 1, 1, 0, 0, ""
4025, 1, 1, 1, 2, 2, 1, 1, 0, 0, ""
4026, 1, 1, 1, 1, 1, 1, 1, 0, 0, ""
4027, 1, 1, 1, 1, 1, 1, 1, 0, 0, ""
4028, 1, 1, 1, 1, 3, 1, 1, 0, 0, ""
4029, 1, 1, 1, 2, 3, 1, 1, 0, 0, ""
4030, 4, 1, 1, 3, 3, 1, 1, 0, 0, ""
4031, 1, 1, 1, 2, 4, 1, 1, 0, 0, ""
4032, 1, 1, 1, 1, 1, 1, 1, 0, 0, ""
4033, 1, 1, 1, 2, 1, 1, 1, 0, 0, ""
4034, 1, 1, 1, 1, 1, 1, 1, 0, 0, ""
4035, 3, 1, 1, 1, 1, 1, 1, 0, 0, ""
4036, 2, 1, 1, 3, 3, 1, 1, 0, 0, ""
4037, 1, 1, 1, 3, 2, 1, 1, 0, 0, ""
4038, 1, 1, 1, 1, 1, 1, 1, 0, 0, ""
4039, 2, 1, 1, 2, 1, 1, 1, 0, 0, ""
4040, 1, 1, 1, 3, 1, 1, 1, 0, 0, ""
4041, 1, 1, 1, 3, 3, 1, 1, 0, 0, ""
4042, 1, 1, 1, 1, 3, 1, 1, 0, 0, ""
4043, 1, 1, 1, 2, 1, 1, 1, 0, 0, ""
4044, 1, 1, 1, 1, 1, 1, 1, 0, 0, ""
4045, 1, 1, 1, 1, 1, 1, 1, 0, 0, ""
4046, 1, 1, 1, 1, 1, 1, 1, 0, 0, ""
4047, 1, 1, 1, 1, 3, 1, 1, 0, 0, ""
4048, 1, 1, 1, 1, 2, 1, 1, 0, 0, ""
4049, 1, 1, 1, 1, 2, 1, 1, 0, 0, ""
4050, 1, 1, 1, 1, 1, 1, 1, 0, 0, ""
4051, 1, 1, 1, 2, 2, 1, 1, 0, 0, ""
4052, 1, 1, 1, 1, 3, 1, 1, 0, 0, ""
4053, 1, 1, 1, 3, 1, 1, 1, 0, 0, ""
4054, 1, 1, 1, 1, 2, 1, 1, 0, 0, ""
4055, 1, 1, 1, 1, 3, 1, 1, 0, 0, ""
4056, 1, 1, 1, 1, 1, 1, 1, 0, 0, ""
4057, 2, 1, 1, 1, 1, 1, 1, 0, 0, ""
4058, 1, 1, 1, 3, 1, 1, 1, 0, 0, ""
4059, 1, 1, 1, 3, 1, 1, 1, 0, 0, ""
4060, 1, 1, 1, 1, 1, 1, 1, 0, 0, ""
4062, 1, 3, 1, 1, 1, 1, 1, 0, 0, ""
4063, 1, 3, 1, 1, 1, 1, 1, 0, 0, ""
4064, 1, 2, 1, 1, 1, 1, 1, 0, 0, ""
4065, 1, 1, 1, 1, 1, 2, 2, 0, 0, ""
4066, 2, 1, 1, 1, 1, 1, 1, 0, 0, ""
4067, 1, 1, 1, 1, 1, 1, 1, 0, 0, ""
4068, 1, 1, 1, 1, 1, 1, 1, 0, 0, ""
4069, 1, 2, 1, 1, 1, 1, 1, 1, 1, ""
4070, 1, 2, 1, 1, 1, 1, 1, 0, 0, ""
4071, 2, 1, 1, 1, 1, 1, 1, 0, 0, ""
4072, 3, 1, 1, 1, 1, 1, 1, 0, 0, ""
4073, 1, 1, 1, 1, 1, 1, 1, 0, 0, ""
4074, 1, 1, 1, 1, 1, 1, 1, 0, 0, ""
4075, 1, 1, 1, 1, 1, 1, 1, 0, 0, ""
4076, 1, 1, 1, 1, 1, 1, 1, 0, 0, ""
4077, 3, 1, 1, 1, 1, 1, 1, 0, 0, ""
4078, 1, 1, 1, 1, 1, 1, 1, 0, 0, ""
4079, 1, 2, 1, 1, 1, 1, 1, 0, 0, ""
4080, 1, 3, 1, 1, 1, 1, 1, 0, 0, ""
4081, 3, 3, 1, 1, 1, 1, 1, 0, 0, ""
4082, 1, 1, 1, 1, 1, 1, 1, 0, 0, ""
4083, 1, 1, 1, 1, 1, 1, 1, 0, 0, ""
4084, 1, 1, 1, 1, 1, 1, 1, 0, 0, ""
4085, 2, 1, 1, 1, 1, 1, 1, 0, 0, ""
4086, 2, 1, 1, 1, 1, 1, 1, 0, 0, ""
4087, 1, 1, 1, 1, 1, 1, 1, 0, 0, ""
4088, 2, 1, 1, 1, 1, 1, 1, 0, 0, ""
4089, 2, 1, 1, 1, 1, 1, 1, 0, 0, ""
4090, 1, 1, 1, 1, 1, 1, 1, 0, 0, ""
4091, 3, 1, 1, 1, 1, 1, 1, 0, 0, ""
4092, 2, 1, 1, 1, 1, 1, 1, 0, 0, ""
4093, 3, 1, 1, 1, 1, 1, 1, 1, 1, ""
4094, 1, 1, 1, 1, 1, 1, 1, 0, 0, ""
4095, 1, 2, 1, 1, 1, 1, 1, 0, 0, ""
4096, 1, 1, 1, 1, 1, 1, 1, 0, 0, ""
4097, 2, 1, 1, 1, 1, 1, 1, 0, 0, ""
4098, 3, 1, 1, 1, 1, 1, 1, 0, 0, ""
4099, 1, 2, 1, 1, 1, 1, 1, 0, 0, ""
4100, 1, 1, 1, 1, 1, 1, 1, 0, 0, ""
4101, 1, 1, 1, 1, 1, 1, 1, 0, 0, ""
4102, 1, 1, 1, 1, 1, 1, 1, 0, 0, ""
4103, 2, 3, 1, 1, 1, 1, 1, 0, 0, ""
4104, 2, 3, 1, 1, 1, 1, 1, 0, 0, ""
4105, 1, 1, 1, 1, 1, 1, 1, 0, 0, ""
4106, 1, 1, 1, 1, 1, 1, 1, 0, 0, ""
4107, 3, 1, 1, 1, 1, 1, 1, 0, 0, ""
4108, 1, 1, 1, 1, 1, 1, 1, 0, 0, ""
4109, 2, 2, 1, 1, 1, 1, 1, 0, 0, ""
4110, 2, 3, 2, 2, 1, 1, 2, 2, 1, ""
4111, 1, 1, 3, 1, 1, 2, 2, 1, 1, ""
4112, 1, 3, 3, 1, 1, 2, 2, 2, 2, ""
4113, 3, 2, 3, 1, 1, 2, 2, 1, 1, ""
4114, 2, 2, 2, 1, 1, 2, 2, 1, 1, ""
4115, 2, 2, 3, 1, 2, 1, 2, 3, 1, ""
4116, 3, 1, 3, 1, 1, 1, 1, 1, 1, ""
4117, 3, 1, 3, 1, 1, 2, 2, 1, 1, ""
4118, 4, 1, 3, 1, 1, 1, 1, 1, 1, ""
4119, 2, 2, 3, 1, 1, 1, 2, 1, 1, ""
4120, 3, 1, 3, 1, 1, 1, 1, 1, 2, ""
4121, 2, 1, 2, 1, 1, 1, 1, 1, 1, ""
4122, 2, 1, 3, 1, 2, 2, 2, 1, 3, ""
4123, 2, 2, 3, 1, 2, 1, 1, 1, 1, ""
4124, 4, 1, 3, 1, 1, 2, 2, 1, 1, ""
4125, 2, 1, 2, 2, 1, 1, 2, 1, 1, ""
4126, 2, 1, 3, 3, 3, 1, 1, 1, 2, ""
4127, 2, 2, 2, 2, 3, 1, 1, 1, 1, ""
4128, 4, 3, 3, 5, 1, 1, 1, 1, 1, ""
4129, 2, 3, 3, 1, 3, 1, 1, 1, 1, ""
4130, 3, 1, 3, 1, 1, 2, 2, 1, 1, ""
4131, 2, 1, 3, 1, 1, 1, 1, 1, 1, ""
4132, 2, 1, 3, 2, 1, 1, 1, 3, 1, ""
4133, 4, 3, 2, 1, 1, 1, 1, 2, 1, ""
4134, 2, 1, 3, 1, 1, 1, 1, 1, 2, ""
4135, 2, 1, 2, 2, 1, 1, 1, 4, 1, ""
4136, 2, 2, 2, 2, 1, 1, 2, 1, 1, ""
4137, 2, 2, 2, 1, 1, 1, 1, 1, 1, ""
4138, 2, 2, 3, 1, 2, 1, 1, 1, 1, ""
4139, 3, 2, 2, 1, 3, 1, 1, 1, 2, ""
4140, 1, 1, 4, 1, 1, 1, 1, 1, 2, ""
4141, 2, 2, 1, 1, 1, 1, 1, 1, 1, ""
4142, 2, 4, 2, 1, 1, 1, 1, 1, 2, ""
4143, 2, 1, 3, 2, 1, 1, 1, 1, 1, ""
4144, 3, 1, 3, 1, 1, 1, 1, 1, 1, ""
4145, 2, 2, 3, 2, 2, 1, 2, 1, 1, ""
4146, 2, 2, 3, 1, 1, 1, 1, 1, 1, ""
4147, 2, 1, 3, 1, 1, 1, 1, 2, 2, ""
4148, 2, 1, 3, 1, 1, 1, 1, 1, 1, ""
4149, 2, 1, 2, 1, 3, 3, 1, 1, 1, ""
4150, 1, 1, 1, 1, 2, 1, 1, 1, 1, ""
4151, 1, 1, 1, 1, 1, 1, 1, 1, 1, ""
4152, 1, 1, 1, 1, 2, 1, 1, 1, 1, ""
4153, 1, 1, 1, 2, 1, 1, 1, 1, 3, ""
4154, 1, 1, 1, 1, 2, 1, 1, 1, 1, ""
4155, 1, 1, 1, 1, 1, 1, 1, 1, 1, ""
4156, 1, 1, 1, 1, 1, 1, 1, 1, 2, ""
4157, 1, 1, 1, 2, 1, 2, 1, 3, 1, ""
4158, 1, 1, 1, 1, 1, 1, 1, 1, 2, ""
4159, 1, 1, 1, 1, 2, 1, 1, 1, 1, ""
4160, 1, 1, 1, 1, 1, 1, 1, 1, 1, ""
4161, 1, 1, 1, 1, 1, 1, 1, 1, 1, ""
4162, 1, 1, 1, 2, 2, 1, 1, 1, 1, ""
4163, 1, 1, 1, 1, 1, 1, 1, 1, 1, ""
4164, 3, 1, 1, 1, 1, 1, 1, 1, 1, ""
4165, 1, 1, 1, 1, 1, 1, 1, 1, 3, ""
4166, 1, 1, 1, 1, 1, 1, 1, 1, 1, ""
4167, 2, 1, 1, 1, 1, 1, 1, 1, 1, ""
4168, 1, 2, 1, 1, 1, 1, 1, 1, 1, ""
4169, 1, 1, 1, 1, 1, 1, 1, 1, 1, ""
4170, 3, 1, 3, 2, 2, 1, 1, 3, 1, ""
4171, 3, 2, 4, 1, 1, 2, 2, 1, 1, ""
4172, 2, 1, 2, 1, 2, 2, 1, 2, 2, ""
4173, 2, 3, 3, 1, 1, 1, 1, 1, 1, ""
4174, 2, 2, 3, 1, 1, 1, 1, 1, 1, ""
4175, 3, 4, 3, 1, 1, 1, 1, 1, 2, ""
4176, 4, 3, 2, 1, 1, 1, 1, 1, 1, ""
4177, 1, 2, 1, 1, 1, 1, 1, 1, 1, ""
4178, 3, 2, 2, 2, 1, 1, 1, 2, 2, ""
4179, 1, 1, 2, 1, 2, 1, 1, 1, 1, ""
4180, 3, 2, 3, 2, 1, 1, 1, 1, 1, ""
4181, 5, 2, 2, 1, 2, 1, 1, 2, 4, ""
4182, 2, 2, 3, 1, 1, 1, 1, 1, 1, ""
4183, 2, 2, 3, 2, 1, 1, 1, 1, 2, ""
4184, 3, 1, 2, 1, 2, 1, 1, 1, 1, ""
4185, 2, 3, 1, 2, 4, 1, 1, 1, 1, ""
4186, 3, 2, 3, 1, 1, 1, 2, 2, 1, ""
4187, 3, 2, 3, 1, 1, 1, 1, 1, 3, ""
4188, 2, 1, 3, 1, 1, 1, 1, 1, 1, ""
4189, 3, 3, 2, 5, 1, 1, 1, 2, 1, ""
4190, 1, 1, 1, 1, 2, 1, 1, 0, 0, ""
4191, 4, 1, 1, 1, 1, 1, 1, 0, 0, ""
4192, 1, 1, 1, 4, 2, 1, 1, 0, 0, ""
4193, 1, 1, 1, 1, 1, 1, 1, 0, 0, ""
4194, 1, 3, 1, 1, 1, 1, 1, 0, 0, ""
4195, 2, 1, 1, 1, 3, 1, 1, 0, 0, ""
4196, 1, 1, 1, 1, 1, 1, 1, 0, 0, ""
4197, 1, 2, 1, 1, 1, 1, 1, 0, 0, ""
4198, 2, 1, 1, 1, 1, 1, 1, 0, 0, ""
4199, 2, 1, 1, 1, 1, 1, 1, 0, 0, ""
4200, 1, 1, 1, 1, 1, 1, 1, 0, 0, ""
4201, 1, 1, 1, 2, 2, 1, 1, 0, 0, ""
4202, 1, 1, 1, 3, 1, 1, 1, 0, 0, ""
4203, 1, 1, 1, 1, 1, 1, 1, 0, 0, ""
4204, 4, 1, 1, 1, 1, 1, 1, 0, 0, ""
4205, 1, 1, 1, 1, 1, 1, 1, 0, 0, ""
4206, 3, 1, 1, 1, 2, 1, 1, 0, 0, ""
4207, 1, 1, 1, 1, 1, 1, 1, 0, 0, ""
4208, 2, 1, 1, 1, 1, 1, 1, 0, 0, ""
4209, 1, 1, 1, 4, 1, 1, 1, 0, 0, ""
4210, 2, 1, 1, 1, 1, 1, 1, 0, 0, ""
4211, 1, 1, 1, 1, 3, 1, 1, 0, 0, ""
4212, 1, 1, 1, 1, 1, 1, 1, 0, 0, ""
4213, 1, 1, 1, 2, 1, 1, 1, 0, 0, ""
4214, 2, 1, 1, 1, 1, 1, 1, 0, 0, ""
4215, 1, 1, 1, 1, 2, 1, 1, 0, 0, ""
4216, 1, 1, 1, 1, 1, 1, 1, 0, 0, ""
4217, 1, 1, 1, 1, 2, 1, 1, 0, 0, ""
4218, 1, 1, 1, 1, 1, 1, 1, 0, 0, ""
4219, 1, 1, 1, 2, 3, 1, 1, 0, 0, ""
4220, 1, 1, 1, 1, 1, 1, 1, 0, 0, ""
4221, 1, 1, 1, 2, 1, 1, 1, 0, 0, ""
4222, 3, 1, 1, 1, 1, 1, 1, 0, 0, ""
4223, 1, 1, 1, 1, 1, 1, 1, 0, 0, ""
4224, 1, 1, 1, 1, 1, 1, 1, 0, 0, ""
4225, 1, 1, 1, 1, 1, 1, 1, 0, 0, ""
4226, 1, 1, 1, 1, 1, 1, 1, 0, 0, ""
4227, 1, 1, 1, 3, 3, 1, 1, 0, 0, ""
4228, 2, 1, 1, 1, 1, 1, 1, 0, 0, ""
4229, 1, 1, 1, 1, 3, 1, 1, 0, 0, ""
4230, 1, 1, 1, 2, 2, 1, 1, 0, 0, ""
4231, 1, 1, 1, 4, 4, 1, 1, 0, 0, ""
4232, 1, 1, 1, 1, 1, 1, 1, 0, 0, ""
4233, 1, 1, 1, 1, 3, 1, 1, 0, 0, ""
4234, 2, 1, 1, 1, 1, 1, 1, 0, 0, ""
4235, 1, 1, 1, 1, 1, 1, 1, 0, 0, ""
4236, 2, 1, 1, 1, 1, 1, 1, 0, 0, ""
4237, 1, 1, 1, 1, 1, 1, 1, 0, 0, ""
4238, 1, 1, 1, 1, 3, 1, 1, 0, 0, ""
4239, 2, 1, 1, 1, 1, 1, 1, 0, 0, ""
4240, 1, 1, 1, 1, 1, 1, 1, 0, 0, ""
4241, 1, 1, 1, 1, 1, 1, 1, 0, 0, ""
4242, 1, 1, 1, 1, 3, 1, 1, 0, 0, ""
4243, 1, 1, 1, 1, 1, 1, 1, 0, 0, ""
4244, 1, 1, 1, 2, 1, 1, 1, 0, 0, ""
4245, 1, 1, 1, 1, 1, 2, 1, 0, 0, ""
4246, 1, 1, 1, 1, 1, 1, 1, 0, 0, ""
4247, 2, 1, 1, 2, 1, 1, 1, 0, 0, ""
4248, 1, 2, 1, 1, 1, 1, 1, 1, 1, ""
4249, 1, 1, 1, 1, 2, 1, 1, 1, 1, ""
4250, 2, 2, 1, 1, 1, 1, 1, 1, 2, ""
4251, 2, 2, 1, 1, 1, 1, 2, 1, 1, ""
4252, 3, 2, 1, 1, 1, 1, 1, 1, 1, ""
4253, 1, 1, 1, 1, 1, 1, 1, 1, 1, ""
4254, 3, 1, 1, 1, 1, 1, 2, 1, 2, ""
4255, 1, 2, 1, 1, 2, 1, 1, 1, 1, ""
4256, 1, 4, 1, 1, 1, 1, 1, 1, 1, ""
4257, 1, 1, 1, 1, 1, 1, 1, 2, 1, ""
4258, 1, 1, 1, 1, 1, 1, 1, 1, 1, ""
4259, 1, 2, 1, 1, 1, 1, 1, 1, 1, ""
4260, 2, 1, 1, 1, 1, 1, 3, 1, 2, ""
4261, 1, 1, 1, 1, 1, 1, 1, 2, 2, ""
4262, 1, 1, 1, 1, 1, 1, 3, 2, 2, ""
4263, 1, 1, 1, 1, 1, 1, 1, 1, 1, ""
4264, 1, 1, 1, 1, 1, 1, 1, 1, 2, ""
4265, 2, 1, 1, 1, 1, 1, 1, 1, 2, ""
4266, 1, 1, 1, 1, 1, 1, 1, 1, 2, ""
4267, 2, 1, 1, 1, 1, 3, 1, 3, 1, ""
4268, 2, 1, 1, 1, 1, 1, 1, 2, 2, ""
4269, 3, 1, 1, 1, 2, 1, 1, 2, 1, ""
4270, 2, 3, 3, 1, 1, 1, 1, 2, 1, ""
4271, 3, 3, 3, 1, 1, 2, 1, 2, 2, ""
4272, 2, 1, 2, 1, 1, 1, 1, 1, 1, ""
4273, 3, 2, 2, 1, 1, 1, 1, 2, 2, ""
4274, 2, 2, 3, 1, 1, 1, 1, 1, 1, ""
4275, 2, 2, 3, 1, 1, 1, 1, 1, 1, ""
4276, 2, 1, 2, 1, 1, 1, 1, 1, 1, ""
4277, 3, 3, 2, 1, 1, 1, 1, 1, 1, ""
4278, 2, 2, 3, 2, 1, 1, 1, 1, 1, ""
4279, 3, 2, 3, 1, 1, 1, 2, 1, 1, ""
4280, 3, 2, 3, 1, 1, 1, 1, 1, 2, ""
4281, 3, 1, 4, 1, 1, 1, 1, 2, 2, ""
4282, 3, 2, 3, 1, 1, 1, 1, 1, 1, ""
4283, 2, 3, 3, 1, 2, 1, 1, 1, 1, ""
4284, 2, 1, 4, 1, 1, 1, 1, 1, 1, ""
4285, 3, 3, 3, 1, 2, 1, 1, 1, 2, ""
4286, 2, 2, 2, 3, 1, 1, 1, 1, 1, ""
4287, 2, 4, 2, 1, 1, 1, 1, 1, 1, ""
4288, 3, 2, 3, 2, 1, 1, 2, 1, 3, ""
4289, 2, 2, 3, 2, 3, 1, 1, 3, 1, ""
4290, 3, 2, 2, 1, 1, 1, 1, 1, 1, ""
4291, 2, 1, 2, 1, 1, 1, 1, 1, 1, ""
4292, 2, 3, 2, 4, 1, 1, 1, 1, 1, ""
4293, 2, 2, 1, 1, 1, 1, 1, 1, 1, ""
4294, 2, 2, 4, 1, 1, 1, 1, 1, 1, ""
4295, 2, 2, 2, 1, 1, 1, 1, 1, 1, ""
4296, 3, 2, 3, 3, 4, 1, 1, 1, 3, ""
4297, 3, 3, 4, 1, 1, 1, 1, 3, 1, ""
4298, 2, 2, 3, 3, 1, 1, 1, 1, 3, ""
4299, 2, 2, 2, 1, 1, 1, 1, 1, 1, ""
4300, 3, 2, 2, 1, 1, 1, 1, 1, 1, ""
4301, 2, 2, 2, 2, 2, 1, 1, 1, 3, ""
4302, 2, 1, 3, 1, 1, 1, 1, 1, 2, ""
4303, 2, 2, 2, 2, 1, 1, 1, 1, 2, ""
4304, 2, 2, 3, 1, 2, 1, 1, 1, 1, ""
4305, 2, 2, 2, 1, 1, 1, 1, 1, 1, ""
4306, 2, 3, 3, 1, 1, 1, 1, 3, 1, ""
4307, 3, 4, 3, 1, 1, 1, 1, 1, 1, ""
4308, 2, 1, 2, 2, 1, 1, 1, 1, 1, ""
4309, 3, 2, 4, 1, 2, 1, 1, 1, 2, ""
4310, 2, 3, 3, 1, 1, 1, 1, 1, 1, ""
4311, 2, 1, 3, 1, 2, 1, 1, 1, 3, ""
4312, 2, 1, 3, 1, 1, 1, 1, 1, 1, ""
4313, 3, 2, 2, 1, 1, 1, 1, 1, 3, ""
4314, 2, 2, 3, 1, 2, 1, 1, 3, 1, ""
4315, 3, 2, 2, 1, 1, 1, 1, 1, 1, ""
4316, 2, 3, 2, 1, 1, 1, 1, 1, 2, ""
4317, 3, 2, 2, 2, 1, 1, 1, 4, 1, ""
4318, 2, 1, 3, 1, 2, 1, 1, 1, 2, ""
4319, 3, 3, 3, 1, 1, 1, 1, 1, 1, ""
4320, 2, 2, 2, 1, 1, 1, 1, 2, 1, ""
4321, 1, 3, 3, 1, 1, 1, 1, 1, 1, ""
4322, 2, 2, 2, 1, 1, 1, 1, 1, 1, ""
4323, 2, 2, 2, 1, 4, 1, 1, 1, 4, ""
4324, 3, 4, 3, 1, 1, 1, 2, 1, 1, ""
4325, 1, 3, 2, 1, 4, 1, 1, 1, 2, ""
4326, 2, 1, 3, 1, 1, 1, 1, 2, 1, ""
4327, 3, 3, 1, 1, 1, 1, 1, 1, 2, ""
4328, 1, 1, 3, 1, 1, 1, 1, 1, 1, ""
4329, 2, 2, 3, 2, 2, 1, 1, 2, 2, ""
4330, 2, 2, 3, 1, 2, 1, 1, 1, 2, ""
4331, 1, 2, 3, 1, 4, 1, 1, 1, 2, ""
4332, 2, 3, 3, 1, 1, 1, 1, 1, 1, ""
4333, 2, 2, 3, 1, 1, 1, 1, 1, 1, ""
4334, 2, 1, 2, 1, 4, 1, 1, 3, 2, ""
4335, 2, 1, 2, 2, 1, 1, 1, 2, 1, ""
4336, 3, 3, 3, 1, 1, 1, 1, 1, 1, ""
4337, 2, 1, 3, 2, 1, 1, 1, 3, 1, ""
4338, 2, 1, 3, 1, 1, 1, 1, 1, 2, ""
4339, 2, 1, 3, 1, 1, 1, 1, 1, 1, ""
4340, 3, 3, 2, 1, 1, 1, 1, 1, 1, ""
4341, 2, 2, 2, 1, 1, 1, 1, 1, 1, ""
4342, 3, 3, 2, 1, 2, 2, 1, 2, 3, ""
4343, 2, 3, 3, 1, 1, 2, 2, 1, 1, ""
4344, 3, 2, 3, 3, 1, 1, 1, 2, 2, ""
4345, 2, 3, 3, 3, 1, 2, 1, 1, 2, ""
4346, 3, 2, 2, 3, 1, 1, 1, 4, 1, ""
4347, 3, 4, 2, 1, 1, 1, 1, 1, 1, ""
4348, 3, 1, 1, 1, 1, 1, 1, 0, 0, ""
4349, 1, 1, 1, 1, 1, 1, 1, 0, 0, ""
4350, 1, 1, 1, 1, 1, 1, 1, 0, 0, ""
4351, 1, 1, 1, 1, 1, 1, 1, 0, 0, ""
4352, 2, 1, 1, 1, 1, 1, 1, 0, 0, ""
4353, 2, 2, 1, 1, 1, 1, 2, 0, 0, ""
4354, 1, 1, 1, 1, 1, 1, 1, 0, 0, ""
4355, 1, 1, 1, 1, 1, 1, 1, 0, 0, ""
4356, 1, 1, 1, 1, 1, 1, 1, 2, 1, ""
4357, 1, 1, 1, 1, 1, 1, 1, 2, 1, ""
4358, 3, 1, 1, 1, 1, 1, 1, 2, 1, ""
4359, 1, 1, 1, 1, 1, 1, 1, 1, 2, ""
4360, 1, 2, 1, 1, 1, 1, 2, 1, 1, ""
4361, 1, 1, 1, 1, 1, 1, 1, 1, 1, ""
4362, 2, 1, 1, 1, 1, 1, 1, 1, 2, ""
4363, 3, 1, 1, 1, 1, 1, 1, 1, 1, ""
4364, 1, 1, 1, 1, 1, 1, 1, 1, 1, ""
4365, 1, 1, 2, 1, 1, 1, 1, 2, 1, ""
4366, 1, 1, 1, 1, 1, 1, 1, 1, 2, ""
4367, 2, 1, 1, 1, 1, 1, 1, 2, 2, ""
4368, , , , , , , , , , ""
4369, 2, 1, 1, 1, 1, 1, 2, 1, 1, ""
4370, 3, 2, 3, 1, 1, 1, 1, 1, 4, ""
4371, 5, 2, 2, 1, 1, 1, 1, 1, 1, ""
4372, 2, 1, 1, 1, 1, 1, 2, 1, 2, ""
4373, 1, 1, 1, 1, 1, 1, 1, 2, 1, ""
4374, 1, 1, 1, 1, 1, 1, 1, 1, 2, ""
4375, , , , , , , , , , ""
4376, 3, 1, 1, 1, 1, 1, 1, 4, 1, ""
4377, 2, 1, 1, 1, 1, 1, 1, 2, 3, ""
4378, 1, 1, 1, 1, 1, 1, 1, 1, 2, ""
4379, 1, 1, 1, 1, 1, 1, 1, 1, 1, ""
4380, 3, 1, 1, 1, 1, 1, 1, 1, 1, ""
4381, 2, 1, 1, 1, 1, 1, 1, 1, 1, ""
4382, 2, 1, 1, 1, 1, 1, 1, 1, 2, ""
4383, 2, 1, 1, 1, 1, 2, 1, 2, 1, ""
4384, 1, 1, 1, 1, 1, 1, 1, 1, 2, ""
4387, , , , , , , , , , ""
4400, , , , , , , , , , ""
4421, 1, 1, 1, 1, 1, 1, 1, 2, 2, ""
4433, 1, 1, 1, 1, 1, 1, 1, 1, 1, ""
4440, 3, 1, 1, 1, 1, 1, 1, 2, 2, ""
4443, 1, 1, 1, 1, 1, 1, 1, 1, 1, ""
4445, 1, 1, 1, 1, 1, 1, 1, 1, 2, ""
4448, 1, 1, 1, 1, 1, 1, 1, 1, 1, ""
4467, 2, 1, 1, 1, 1, 2, 1, 2, 2, ""
4474, 2, 1, 1, 1, 1, 1, 1, 2, 1, ""
4483, 1, 1, 1, 1, 1, 1, 1, 1, 1, ""
4488, 2, 1, 1, 1, 1, 1, 1, 1, 1, ""
4493, 1, 1, 1, 1, 1, 1, 1, 1, 1, ""
4495, 1, 1, 1, 1, 1, 1, 1, 1, 1, ""
4497, 1, 1, 1, 1, 1, 1, 1, 1, 1, ""
4501, 1, 1, 1, 1, 1, 1, 1, 1, 3, ""
4502, 1, 1, 1, 1, 1, 1, 1, 2, 1, ""
4503, 1, 1, 1, 1, 1, 1, 1, 1, 2, ""
4512, 3, 1, 1, 1, 1, 1, 1, 1, 2, ""
4519, 2, 1, 1, 1, 1, 4, 1, 1, 1, ""
4522, 1, 1, 1, 1, 1, 1, 1, 1, 1, ""
4523, 1, 1, 1, 1, 1, 1, 2, 1, 1, ""
4526, 2, 1, 1, 1, 1, 1, 1, 1, 3, ""
4531, 3, 1, 1, 1, 2, 1, 1, 2, 2, ""
4540, 3, 1, 1, 1, 1, 1, 1, 1, 3, ""
4548, 1, 1, 1, 1, 1, 1, 1, 2, 3, ""
4555, 1, 1, 1, 1, 1, 1, 1, 1, 1, ""
4559, 2, 1, 1, 1, 1, 1, 1, 1, 1, ""
4565, 1, 1, 1, 1, 1, 1, 1, 2, 2, ""
4570, 2, 1, 1, 1, 1, 1, 1, 1, 2, ""
4572, 3, 1, 1, 1, 1, 1, 2, 3, 2, ""
4576, 1, 1, 1, 1, 1, 1, 1, 1, 1, ""
4588, 2, 1, 1, 1, 1, 1, 1, 1, 1, ""
4590, 3, 1, 1, 1, 1, 1, 1, 1, 3, ""
4594, 2, 1, 1, 1, 1, 1, 1, 1, 1, ""
4595, 1, 1, 1, 1, 1, 1, 1, 1, 1, ""
4603, 3, 1, 1, 1, 1, 1, 1, 1, 1, ""
4605, 1, 1, 1, 1, 1, 1, 1, 1, 1, ""
4606, 3, 3, 1, 1, 1, 1, 1, 1, 1, ""
4607, 1, 1, 1, 1, 1, 1, 1, 1, 1, ""
4608, 3, 1, 1, 1, 1, 1, 1, 1, 1, ""
4611, 2, 1, 1, 1, 1, 1, 1, 1, 1, ""
4612, 1, 1, 1, 1, 1, 1, 1, 1, 1, ""
4615, 1, 1, 1, 1, 1, 1, 1, 3, 1, ""
4616, 3, 2, 1, 1, 1, 1, 1, 1, 1, ""
4617, 1, 1, 1, 1, 1, 1, 1, 1, 3, ""
4618, 2, 1, 1, 1, 1, 1, 1, 1, 1, ""
4619, 2, 1, 1, 1, 1, 1, 1, 1, 1, ""
4622, 2, 1, 1, 1, 1, 1, 1, 1, 1, ""
4624, 3, 2, 1, 1, 1, 1, 1, 1, 1, ""
4626, 1, 1, 1, 1, 1, 1, 1, 1, 2, ""
4628, 1, 1, 1, 1, 1, 1, 1, 1, 1, ""
4629, 2, 1, 1, 1, 1, 1, 1, 1, 1, ""
4630, 3, 1, 1, 1, 1, 1, 1, 3, 3, ""
4633, 1, 1, 1, 1, 1, 1, 1, 1, 1, ""
4637, 1, 1, 1, 1, 1, 1, 1, 1, 1, ""
4638, 2, 1, 1, 1, 1, 1, 1, 3, 2, ""
4640, 3, 1, 1, 1, 1, 1, 1, 1, 1, ""
4641, 2, 2, 1, 1, 1, 1, 1, 1, 1, ""
4642, 1, 1, 1, 1, 1, 1, 1, 1, 4, ""
4643, 1, 1, 1, 1, 1, 1, 1, 1, 1, ""
4644, 2, 1, 1, 1, 1, 1, 1, 3, 2, ""
4646, 1, 1, 1, 1, 1, 1, 1, 1, 1, ""
4649, 1, 1, 1, 1, 1, 1, 1, 1, 1, ""
4650, 1, 2, 1, 1, 1, 1, 1, 1, 1, ""
4655, 1, 1, 1, 1, 1, 1, 1, 1, 2, ""
4659, 1, 1, 1, 1, 1, 1, 1, 2, 1, ""
4660, 1, 1, 1, 1, 1, 1, 1, 1, 1, ""
4661, 1, 1, 1, 1, 1, 1, 1, 1, 1, ""
4664, 1, 1, 1, 1, 1, 2, 1, 1, 3, ""
4666, 2, 1, 1, 1, 1, 2, 1, 2, 1, ""
4667, 1, 1, 1, 1, 1, 1, 1, 1, 2, ""
4669, 1, 1, 1, 1, 1, 1, 1, 1, 1, ""
4674, 2, 1, 1, 1, 1, 1, 1, 1, 1, ""
4675, 2, 1, 1, 1, 1, 1, 1, 2, 1, ""
4679, 1, 1, 1, 1, 1, 1, 1, 1, 2, ""
4680, 1, 1, 1, 1, 1, 1, 1, 1, 1, ""
4681, 3, 1, 1, 1, 1, 1, 1, 3, 1, ""
4682, 1, 1, 1, 1, 1, 1, 1, 1, 1, ""
4684, 1, 1, 1, 1, 1, 1, 1, 1, 1, ""
4687, 2, 1, 1, 1, 1, 1, 1, 1, 1, ""
4688, 1, 1, 1, 1, 1, 1, 1, 1, 1, ""
4691, 3, 1, 1, 1, 1, 1, 1, 1, 2, ""
4693, 1, 1, 1, 1, 1, 1, 1, 3, 1, ""
4695, 1, 1, 1, 1, 1, 1, 1, 1, 1, ""
4696, 1, 1, 1, 1, 1, 1, 1, 1, 1, ""
4697, 1, 1, 1, 1, 1, 1, 1, 2, 1, ""
4698, 2, 1, 1, 1, 1, 1, 2, 1, 4, ""
4702, 2, 1, 1, 1, 1, 1, 1, 1, 3, ""
4703, 2, 1, 1, 1, 1, 1, 1, 2, 1, ""
4707, 1, 1, 1, 1, 1, 1, 1, 1, 2, ""
4709, 1, 1, 1, 1, 1, 1, 1, 1, 1, ""
4710, 1, 1, 1, 1, 1, 1, 1, 1, 1, ""
4716, 2, 1, 1, 1, 1, 1, 1, 2, 3, ""
4717, 2, 1, 1, 1, 1, 1, 1, 1, 1, ""
4718, 3, 1, 1, 1, 1, 1, 1, 1, 3, ""
4720, 1, 1, 1, 1, 1, 1, 1, 1, 1, ""
4721, 3, 1, 1, 1, 1, 1, 1, 3, 1, ""
4723, 1, 1, 1, 1, 1, 1, 1, 3, 1, ""
4725, 3, 1, 1, 1, 1, 1, 1, 1, 3, ""
4726, 3, 1, 1, 1, 1, 1, 1, 1, 1, ""
4728, 2, 1, 1, 1, 1, 1, 1, 1, 1, ""
4733, 2, 1, 1, 1, 1, 1, 1, 2, 2, ""
4734, 1, 1, 1, 1, 1, 1, 1, 1, 1, ""
4735, 2, 1, 1, 1, 1, 1, 1, 2, 1, ""
4736, 3, 1, 1, 1, 1, 1, 1, 1, 2, ""
4745, 1, 1, 1, 1, 1, 1, 1, 1, 1, ""
4746, 2, 1, 1, 1, 1, 1, 1, 1, 1, ""
4749, 1, 1, 1, 1, 1, 1, 1, 1, 1, ""
4752, 2, 1, 1, 1, 1, 1, 1, 1, 2, ""
4756, 1, 1, 1, 1, 1, 1, 1, 1, 1, ""
4758, 1, 1, 1, 1, 1, 1, 1, 1, 1, ""
4759, 3, 1, 1, 1, 1, 1, 1, 1, 4, ""
4761, 2, 1, 1, 1, 1, 1, 2, 2, 1, ""
4765, 3, 1, 1, 1, 1, 1, 1, 1, 1, ""
4769, 2, 1, 1, 1, 1, 1, 1, 2, 1, ""
4770, 2, 1, 1, 1, 1, 2, 1, 2, 1, ""
4771, 2, 1, 1, 1, 1, 1, 1, 1, 1, ""
4774, 3, 1, 1, 1, 1, 3, 1, 1, 1, ""
4784, 1, 1, 1, 1, 1, 1, 1, 1, 1, ""
4785, 1, 1, 1, 1, 1, 1, 1, 1, 1, ""
4787, 1, 1, 1, 1, 1, 1, 1, 1, 1, ""
4788, 1, 1, 1, 1, 1, 1, 1, 1, 1, ""
4792, 2, 1, 1, 1, 1, 1, 1, 1, 1, ""
4796, 1, 1, 1, 1, 1, 1, 1, 1, 1, ""
4798, 2, 1, 1, 1, 1, 1, 1, 1, 2, ""
4799, 2, 1, 1, 1, 1, 2, 1, 3, 3, ""
4801, 1, 1, 1, 1, 1, 1, 1, 1, 1, ""
4802, 1, 1, 1, 1, 1, 1, 1, 1, 1, ""
4803, 1, 1, 1, 1, 1, 1, 1, 1, 1, ""
4804, 3, 1, 1, 1, 1, 1, 1, 1, 1, ""
4805, 2, 1, 1, 1, 1, 1, 1, 3, 1, ""
4809, 1, 1, 1, 1, 1, 1, 1, 1, 1, ""
4811, 1, 1, 1, 1, 1, 1, 1, 1, 1, ""
4812, 1, 1, 1, 1, 1, 1, 1, 3, 1, ""
4814, 1, 1, 1, 1, 1, 1, 1, 1, 1, ""
4815, 1, 1, 1, 1, 1, 1, 1, 1, 1, ""
4816, 1, 1, 1, 1, 1, 1, 1, 1, 1, ""
4818, 1, 1, 1, 1, 1, 1, 1, 1, 1, ""
4821, 3, 1, 1, 1, 1, 1, 1, 3, 1, ""
4822, 1, 1, 1, 1, 1, 1, 1, 1, 1, ""
4823, 2, 1, 1, 1, 1, 1, 1, 1, 2, ""
4825, 2, 1, 1, 1, 1, 1, 1, 3, 1, ""
4826, 1, 1, 1, 1, 1, 1, 1, 1, 1, ""
4829, 3, 1, 1, 1, 1, 3, 1, 2, 1, ""
4830, 3, 1, 1, 1, 1, 1, 3, 1, 1, ""
4831, 2, 2, 1, 1, 1, 1, 1, 1, 3, ""
4832, 2, 1, 1, 1, 1, 1, 1, 1, 1, ""
4833, 1, 2, 1, 1, 1, 1, 1, 1, 1, ""
4834, 2, 1, 1, 1, 1, 1, 2, 1, 1, ""
4835, 1, 1, 1, 1, 1, 1, 1, 1, 1, ""
4836, 2, 1, 1, 1, 1, 1, 1, 2, 1, ""
4837, 2, 1, 1, 1, 1, 1, 1, 1, 1, ""
4840, 3, 1, 1, 1, 1, 3, 1, 3, 2, ""
4843, 1, 1, 1, 1, 1, 1, 1, 2, 1, ""
4845, 1, 1, 1, 1, 1, 1, 1, 1, 1, ""
4846, 1, 1, 1, 1, 1, 1, 1, 1, 1, ""
4847, 2, 1, 1, 1, 1, 1, 1, 1, 3, ""
4856, 2, 1, 1, 1, 1, 2, 1, 3, 1, ""
4858, 1, 1, 1, 1, 1, 1, 2, 1, 2, ""
4859, 2, 1, 1, 1, 1, 1, 1, 1, 1, ""
4861, 1, 1, 1, 1, 1, 1, 1, 1, 1, ""
4863, 1, 2, 1, 1, 1, 1, 1, 1, 1, ""
4868, 2, 1, 1, 1, 1, 1, 1, 1, 1, ""
4869, 3, 2, 1, 1, 1, 1, 1, 1, 1, ""
4871, 1, 1, 1, 1, 1, 1, 1, 1, 1, ""
4874, 1, 1, 1, 1, 1, 1, 1, 1, 1, ""
4875, 1, 3, 3, 1, 1, 1, 1, 2, 3, ""
4876, 2, 1, 1, 1, 1, 1, 1, 1, 1, ""
4877, 1, 2, 1, 1, 1, 1, 1, 1, 3, ""
4879, 1, 1, 1, 1, 1, 1, 1, 2, 1, ""
4880, 2, 1, 1, 1, 1, 1, 1, 1, 1, ""
4883, 1, 1, 1, 1, 1, 1, 3, 2, 2, ""
4886, 1, 1, 1, 1, 1, 1, 3, 1, 1, ""
4890, 1, 2, 1, 1, 1, 1, 1, 1, 1, ""
4891, 1, 1, 1, 1, 1, 1, 1, 1, 1, ""
4895, 1, 1, 1, 1, 1, 1, 1, 1, 1, ""
4899, 3, 1, 1, 1, 1, 2, 1, 1, 1, ""
4901, 1, 1, 1, 1, 1, 1, 1, 1, 1, ""
4902, 1, 1, 1, 1, 1, 1, 1, 1, 2, ""
4903, 2, 1, 1, 1, 1, 1, 1, 1, 1, ""
4905, 3, 1, 1, 1, 1, 2, 3, 3, 2, ""
4908, 2, 1, 1, 1, 1, 1, 1, 1, 1, ""
4909, 2, 1, 1, 1, 1, 1, 1, 1, 1, ""
4911, 2, 1, 1, 1, 1, 1, 1, 2, 1, ""
4914, 1, 1, 1, 1, 1, 1, 1, 1, 1, ""
4917, 2, 1, 1, 1, 1, 1, 1, 4, 1, ""
4925, 1, 1, 1, 1, 1, 1, 1, 1, 2, ""
4926, 1, 1, 1, 1, 1, 1, 1, 1, 2, ""
4927, 2, 3, 1, 1, 1, 1, 2, 2, 1, ""
4928, 3, 1, 1, 1, 1, 1, 1, 1, 3, ""
4936, 2, 1, 1, 1, 1, 1, 1, 1, 1, ""
4940, 2, 1, 2, 1, 1, 2, 1, 2, 2, ""
